x,y,z,nx,ny,nz,approach_x,approach_y,approach_z,approach_rx,approach_ry,approach_rz,press_x,press_y,press_z,press_rx,press_ry,press_rz
0.0051335520160694,-0.5160969836652279,0.0405343281420765,-0.2512505431137439,0.013289674317738531,0.9678308473806656,-0.02024275283841872,-0.5147547265591363,0.1382852437275237,0.07628142023985081,2.8863226988948374,-0.009753145401193899,-0.015217741976143841,-0.515020520045491,0.11892862677991038,0.07628142023985081,2.8863226988948374,-0.009753145401193899
0.0083372860091386,-0.5179204152477479,0.0408648345822403,-0.004470215703533519,-0.13643066027424308,0.9906395369198112,0.007885794223081683,-0.5316999119354465,0.1409194278111412,-2.1139594895611586,2.184358825471532,0.14496027863215571,0.007975198537152355,-0.5289712987299616,0.121106637072745,-2.1139594895611586,2.184358825471532,0.14496027863215571
0.0088726664822379,-0.5160730127431781,0.0435624092880651,0.02000491575574201,0.01309606934616429,0.9997141072893222,0.01089316297356784,-0.5147503097392154,0.1445335341242866,3.0038314826091357,0.8957797766445399,-0.035916429036562475,0.010493064658453,-0.5150122311261387,0.12453925197850017,3.0038314826091357,0.8957797766445399,-0.035916429036562475
0.0094201450227052,-0.5145932181712675,0.0434846485032796,0.02488349891822471,0.13144092594823495,0.9910116520341511,0.011933378413445899,-0.5013176846504958,0.14357682535872884,2.350207294199257,1.9470264607861831,-0.15790984507451233,0.011435708435081404,-0.5039465031694604,0.12375659231804582,2.350207294199257,1.9470264607861831,-0.15790984507451233
-0.0083902878520168,-0.5158736815638021,0.0351873142232445,-0.698114186843266,-0.035508887054082554,0.7151053775971384,-0.07889982072318666,-0.5194600791562644,0.10741295736055548,-0.06015722316058212,2.366943023395741,0.024517969625063297,-0.06493753698632133,-0.5187499014151827,0.09311084980861271,-0.06015722316058212,2.366943023395741,0.024517969625063297
