x,y,z,nx,ny,nz,approach_x,approach_y,approach_z,approach_rx,approach_ry,approach_rz,press_x,press_y,press_z,press_rx,press_ry,press_rz
0.0122971075178144,-0.5176926018060969,0.043234111459193,0.20435069934174746,-0.21020100784780169,0.9560629309717573,0.03293652815133089,-0.5389229035987249,0.13979646748734048,-2.761373773953883,1.166692067630009,0.41385606643705086,0.02884951416449594,-0.5347188834417688,0.12067520886790534,-2.761373773953883,1.166692067630009,0.41385606643705086
0.0273075388028091,-0.5175718121156825,0.0301019129097935,0.9232430111311793,-0.09292777528753157,0.37280929572308574,0.12055508292705822,-0.5269575174197232,0.06775565177782514,-2.5540585809182503,0.12821373423748855,1.72633690587599,0.10209022270443463,-0.5250989619139725,0.06029946586336343,-2.5540585809182503,0.12821373423748855,1.72633690587599
