x,y,z,nx,ny,nz
42.71734541218118,56.074101815454966,7.971412938149567,0.4487135410308838,0.886860728263855,0.1101553812623024
19.820965424168325,56.50669229293924,13.75549315714981,-0.32738053798675537,0.9339946508407593,0.14309416711330414
17.842696062508796,37.74423205755383,49.339577754622695,-0.627259373664856,0.4192871153354645,0.6563108563423157
46.80081751262726,21.312423181570036,42.932740612088544,0.7768016457557678,-0.35449570417404175,0.5204920768737793
22.714526204636083,8.987230997819916,29.578540293135436,0.3405463993549347,0.8792160749435425,-0.33317747712135315
30.244209413607763,49.03801590537789,42.56004093600481,-0.013107042759656906,0.8783735036849976,0.47779518365859985
21.83155378116912,53.69179543085307,17.17390192524687,0.33002322912216187,-0.9254239797592163,-0.1862126588821411
12.515232411878115,45.15748171963693,34.2821048061974,-0.685583233833313,0.6391211748123169,0.3485681712627411
39.73797307156177,56.95854484101588,11.167083176450687,0.3743048310279846,0.9161986708641052,0.14309392869472504
7.82871139382209,49.92621057962036,0.22089304259527243,-0.7306443452835083,0.6811286211013794,0.047145090997219086
41.63797529755879,41.49827177348328,46.585531477857096,0.5632229447364807,0.5573766231536865,0.6100092530250549
6.223829738666934,42.74160425978914,3.586323617426595,0.8885206580162048,-0.4561057984828949,-0.04998546838760376
54.296511101225896,20.936534590623108,11.94585338178594,-0.9289402365684509,0.33760830760002136,-0.15195611119270325
52.97238618940539,23.185005596497682,31.70557031332808,0.9040682911872864,-0.24730734527111053,0.3485679626464844
9.358690560409057,12.278231932299974,2.230215250774327,0.7647827863693237,0.6423462629318237,-0.04998539760708809
55.88153446869891,27.952427206833224,25.132050479439897,0.9646992087364197,-0.10255509614944458,0.24256514012813568
37.992238617264526,54.525473555492624,12.10822454529139,-0.3180808126926422,-0.9358065724372864,-0.1519559621810913
37.702166946452316,5.246550144285256,26.17599863524124,0.3178536295890808,-0.906815230846405,0.2768668830394745
18.12878363847236,49.74878013063502,34.35780517061893,-0.44791150093078613,0.8233319520950317,0.3485682010650635
42.54248624293156,12.826041988069179,31.77624314996201,-0.5598728060722351,0.7586402893066406,-0.3331775665283203
49.877556545971956,45.83037144591732,14.465270744782947,-0.7828031778335571,-0.6034306287765503,-0.15195611119270325
9.705274391602604,34.87801263690296,33.09376159691958,0.9045842289924622,-0.20506590604782104,-0.3737316429615021
41.50225858625849,28.34561557673821,48.31492966640255,-0.7025550007820129,0.06855012476444244,-0.708320140838623
12.115125033873353,47.55359091389254,17.752858955258887,0.6778947114944458,-0.7111847996711731,-0.1862121820449829
29.10617766897415,55.54771273321213,26.452020929550386,-0.014336543157696724,0.9608014822006226,0.27686625719070435
52.8670275625451,44.042579773906105,21.21490107723295,0.8395088315010071,0.5015385746955872,0.20900718867778778
30.45109756501245,5.500883714835082,21.14658316648123,-0.04810148850083351,0.9740481376647949,-0.2211705595254898
0.07098661045168954,31.47134059618641,0.31300230044427346,-0.9985669851303101,0.025325536727905273,0.04714500904083252
25.756176495164382,6.7302223302958355,33.39128204493377,-0.13653065264225006,-0.9272860884666443,0.3485684096813202
36.64093008914513,9.063231171327143,37.31820959927916,0.30147308111190796,-0.8600814938545227,0.4115504324436188
14.83746260911356,7.417438307670372,2.481275856141544,0.5810107588768005,0.8123595118522644,-0.049985386431217194
22.782614589311038,12.344818419423483,43.13242781786062,-0.32292941212654114,-0.7904456853866577,0.5204922556877136
22.295426793853448,5.940842360762908,17.78524515033108,0.2769559621810913,0.9426665902137756,-0.18621237576007843
42.28577368390838,53.5213923358467,5.25724720701778,-0.4735185205936432,-0.8767473697662354,-0.08422743529081345
30.306594510793357,13.79100876249903,42.736579720020046,-0.042554158717393875,0.86170494556427,-0.505622148513794
26.197253233735943,55.6408517945112,25.3320582968607,-0.16827477514743805,0.9460594058036804,0.27686673402786255
47.72575756957195,13.301384204775845,21.040801828759903,-0.7018464207649231,0.6771227717399597,-0.2211703658103943
45.99929823752429,44.748889604536764,37.00411823960494,0.6555207967758179,0.6487159132957458,0.38660070300102234
28.917559449520986,51.00018558856277,38.74189486396267,-0.013422095216810703,0.8995411992073059,0.43662968277931213
54.81512719179701,20.724673949471676,23.177305350338475,0.9121237397193909,-0.3304428458213806,0.24256502091884613
14.888415161809283,19.13779503145866,38.51946243746036,0.7255837917327881,0.5123579502105713,-0.45936641097068787
26.264400933872725,17.988551073504524,51.36983650008376,-0.1957506537437439,-0.6168357729911804,0.7623617053031921
16.224651775945702,48.93296955442211,24.70912148624879,0.5407645106315613,-0.8008966445922852,-0.2571738362312317
40.4957057922638,2.2388388194904465,4.214577381564727,0.3298080861568451,-0.9409196376800537,0.07679129391908646
14.558657012124852,46.20091912729693,36.047365136922586,-0.6217946410179138,0.6811105012893677,0.38660046458244324
39.89632534509138,5.409643514748056,8.87626964661493,-0.3724230229854584,0.9205234050750732,-0.11805837601423264
14.030541486238889,5.273380844074608,8.333316202583326,-0.5186206698417664,-0.8478787541389465,0.11015534400939941
50.94496522807131,20.893516359119356,34.77763526863973,0.8390109539031982,-0.3828849494457245,0.38660016655921936
31.834972591296182,3.554624938453205,9.468956118291374,-0.048977892845869064,0.9917980432510376,-0.11805851012468338
56.25895111762185,32.72583699742776,7.58960177619636,-0.9939861297607422,-0.06998039782047272,-0.08422745764255524
49.23348152344226,41.538773608439804,27.493610218846378,-0.803059995174408,-0.5180753469467163,-0.29443609714508057
13.117405378910705,39.86224051373933,36.128469352260694,0.7715430855751038,-0.48160508275032043,-0.41566550731658936
32.65647179502961,55.63642174359169,12.507983448019587,-0.07536207884550095,-0.9855099320411682,-0.151956245303154
9.923605018209402,11.041963594043438,19.801976157359746,-0.6950882077217102,-0.6878722906112671,0.20900745689868927
46.085457860071685,14.570359830375622,36.26474958920676,0.6745849251747131,-0.6288682222366333,0.3866004943847656
53.94771495918377,35.58070545184206,29.54934126947768,0.9278984665870667,0.20389869809150696,0.3121374845504761
12.88611891944853,48.633270214625085,27.88892136097935,-0.6478605270385742,0.709662914276123,0.2768669128417969
12.331031009025006,53.18334079442995,8.477841051877492,-0.6088752150535583,0.7855805158615112,0.11015541851520538
5.775188176962888,38.611906740907735,26.855928514058444,-0.9034486413002014,0.3272998631000519,0.2768670320510864
51.98849515539482,32.19309207102805,28.734393213940606,-0.953311562538147,-0.06711626052856445,-0.29443591833114624
38.589208783254804,10.155081630157824,38.006956244422675,0.3649388551712036,-0.8222981691360474,0.4366295337677002
31.839500715272443,56.040106225552464,9.951140791244265,-0.07571430504322052,-0.9901160001754761,-0.11805763840675354
54.78332884830196,35.2259979945963,27.131978073062598,0.93851637840271,0.20623190701007843,0.276867151260376
11.690304446942365,48.7228375866818,10.74822518583852,0.6851375102996826,-0.7187828421592712,-0.1180584654211998
45.88710270521626,14.749973424886937,29.521660874886805,-0.6877667903900146,0.6635391116142273,-0.29443615674972534
4.391380454834213,45.30008023352465,1.1512300555015293,-0.872418224811554,0.4864810109138489,0.04714474081993103
51.26362687694421,32.05556107759423,38.008292353354165,0.8913647532463074,0.12175256013870239,0.43662938475608826
52.69588275539286,18.787944626683476,15.978238899926298,-0.8920953273773193,0.41169264912605286,-0.18621252477169037
22.75951670465816,56.26171413942946,19.83138183734442,-0.24817100167274475,0.9459000825881958,0.20900750160217285
28.8669502684221,53.30962403536966,24.558672391935644,0.007204946130514145,-0.9663382768630981,-0.25717395544052124
28.247490740048494,5.000121041105488,18.707880348090786,0.03382439911365509,0.9819271564483643,-0.18621210753917694
38.45929923663499,6.499268676936477,18.739629899700116,-0.368486613035202,0.9107922315597534,-0.18621252477169037
46.99740333838986,14.101928897709406,25.34793878081648,-0.6954630017280579,0.6709641814231873,-0.2571735978126526
56.69804832328486,31.7337333831137,2.854651245750012,-0.9962839484214783,-0.07014104723930359,-0.04998563975095749
53.58162218200834,35.96221456027064,20.284876036203343,-0.9477815628051758,-0.22976867854595184,-0.22117069363594055
58.74430808944756,35.420427498928,5.86997025457536,0.9738132357597351,0.21398819983005524,0.076790951192379
53.094757062684025,44.3948810789957,19.45480082212197,0.8395090699195862,0.5015380382537842,0.20900751650333405
38.20129082440928,9.47518569283994,29.57249804848798,-0.3536173403263092,0.8740408420562744,-0.33317774534225464
50.27915351724793,50.55105856553624,9.101452397806629,0.7064613103866577,0.6991267800331116,0.1101551279425621
29.524895860545524,24.686476154448165,55.707404053493484,-0.019570520147681236,-0.2977534234523773,0.9544422030448914
56.95153770480095,25.293164744007836,19.215419032724604,0.9609630107879639,-0.1812901794910431,0.2090071439743042
20.200938546254147,46.97899466768952,41.70225782123709,-0.4198063313961029,0.7716698050498962,0.4777953028678894
52.030038891116625,27.729945354461087,28.638690998137953,-0.9511541724205017,0.09280697256326675,-0.2944360077381134
6.364930265537604,26.923451763907867,23.96142028893749,0.9602916240692139,0.10817497223615646,-0.2571735382080078
54.9522952403411,20.98112761808736,23.010871497064322,0.9121237397193909,-0.3304428458213806,0.24256502091884613
9.24720573222169,39.75644703123684,26.864510751677972,0.8501964807510376,-0.4364326000213623,-0.2944360077381134
57.24808053885737,32.570164385184405,2.7755575615628914e-14,0.0,0.0,-1.0
16.633976439606663,39.04407109344499,42.66418849732654,0.6910802721977234,-0.5164822936058044,-0.5056224465370178
49.787042918868224,30.865123626025422,34.99030315705339,-0.9252464771270752,-0.06514018028974533,-0.37373220920562744
55.17870515705704,35.46045763576404,12.41216833707713,-0.9605634808540344,-0.23286718130111694,-0.15195631980895996
19.030225049510072,56.92376678154444,8.776654921533446,-0.4031807482242584,0.9084663391113281,0.11015532910823822
17.560760153488125,6.541857842424904,9.742788940107012,0.4348829686641693,0.8927143812179565,-0.11805843561887741
9.977534571861304,51.990231402242316,1.1855598767441036,-0.6734673976898193,0.737712025642395,0.04714518040418625
51.03825738645821,37.115270824078024,28.235344163259985,-0.9066703915596008,-0.30208635330200195,-0.29443609714508057
0.7419411648566987,24.79377012265063,5.0384741916373255,-0.9878742694854736,-0.13493523001670837,0.0767914280295372
25.30530542490135,55.76693131008743,9.599447321204913,0.1728975921869278,-0.9778386950492859,-0.11805877089500427
49.33989917124919,51.535694417898604,8.490690523210104,0.6479138731956482,0.7537065148353577,0.1101551428437233
31.18374554351377,36.378278895064,52.25639525727108,-0.10408519208431244,-0.41830793023109436,-0.9023218750953674
16.017594955008015,51.17668457301904,27.491655153975312,-0.5256323218345642,0.804397463798523,0.2768670618534088
7.305351402221753,39.31108316159408,30.64591405177022,-0.864292323589325,0.39442241191864014,0.3121373653411865
15.746359354602644,7.619854060606301,9.916000172655377,0.508057713508606,0.8531937599182129,-0.11805832386016846
19.702901571480172,42.204622877849026,47.3838337264033,-0.48542261123657227,0.6263010501861572,0.6100097298622131
41.38732885293416,51.41746078116208,20.468083364147603,-0.463439017534256,-0.858083963394165,-0.22116993367671967
56.61209080046858,38.50707975794833,15.762787995006159,0.9413427710533142,0.28795430064201355,0.17594340443611145
38.250462334563004,9.30499751664938,29.004502469061336,-0.35842061042785645,0.885913074016571,-0.29443618655204773
21.549697616175226,58.45299024486527,0.42919074180288996,-0.25349390506744385,0.9661874771118164,0.04714460298418999
5.6458628253595515,22.047783942982175,15.946773291862225,0.9443202614784241,0.2712641656398773,-0.18621234595775604
10.668673948776332,46.244100252158916,16.828720719252694,0.7350280284881592,-0.6519652009010315,-0.18621274828910828
21.319399879456256,7.05914428979828,21.24445108956178,0.3522385060787201,0.9094018936157227,-0.22117023169994354
23.036435126468785,4.227576509499505,8.314833049883418,0.27991560101509094,0.9527378678321838,-0.11805853992700577
44.492823988358815,6.798622406012426,20.1066745062917,0.5349356532096863,-0.818632960319519,0.20900706946849823
54.08501699859692,35.6512692735167,18.329042514139342,-0.9548514485359192,-0.2314814031124115,-0.186212420463562
46.19662062693403,54.19929906606167,7.083888491418,0.5851649641990662,0.8033976554870605,0.11015520989894867
7.842683380194733,44.296567972798016,24.2677960321957,-0.8065393567085266,0.5391256809234619,0.24256494641304016
17.243407944674395,34.34832558243554,50.383218581022255,-0.6683083176612854,0.24211403727531433,0.7033810019493103
49.54636845915239,11.072881189296101,20.52449810835138,0.7153028845787048,-0.666826605796814,0.2090073525905609
59.5277171735984,32.10813472972513,0.6300315768510938,0.997366726398468,0.05510822683572769,0.04714493080973625
3.6765464802857903,36.230218182873934,3.0999008597729842,0.9740351438522339,-0.2208097279071808,-0.0499858558177948
2.7354375248920952,34.039369379715964,19.61585019270131,-0.9609630107879639,0.1812901645898819,0.2090071141719818
55.75467469836967,20.62300465036087,19.130153160925587,0.9194377064704895,-0.33309206366539,0.2090071737766266
31.44861995954733,46.33622464856488,41.82105941820628,-0.06578177213668823,-0.8602434992790222,-0.5056222677230835
16.293925039203867,44.32943684087033,41.3910413531017,-0.5922797918319702,0.6487804055213928,0.4777955412864685
44.658586706972784,52.14581748036325,4.925588380677912,-0.545222282409668,-0.83404940366745,-0.08422735333442688
11.630681829508308,53.25106993864831,2.994827351196284,-0.6107937693595886,0.7880571484565735,0.07679139077663422
55.127086133668584,25.62266791990298,14.494033507028691,-0.9722340106964111,0.17796187102794647,-0.1519560068845749
37.39328486138768,35.721896904061595,53.54623547694847,0.4024513065814972,0.33872315287590027,0.8504701852798462
30.282136226690263,6.661215561268973,34.128086041895244,0.01398363709449768,-0.9371790289878845,0.3485684096813202
5.419015615229881,29.01063845162162,30.67130779391296,-0.9485899209976196,-0.05241278186440468,0.3121379315853119
19.5318012127071,1.9940858749036876,2.944016315529787,-0.3770795464515686,-0.922991931438446,0.07679111510515213
7.509185070890226,19.860349525655575,30.64134347043042,-0.8521389961242676,-0.42003491520881653,0.31213754415512085
56.04670635768102,35.85975642844488,3.57856629412768,-0.9706345200538635,-0.23530839383602142,-0.04998568817973137
3.597333915012075,16.856198829647198,7.675832838287841,-0.8914950489997864,-0.43943434953689575,0.11015485972166061
24.710538217212726,9.075237963278825,38.33972446755872,-0.20224174857139587,-0.876614511013031,0.43662941455841064
28.02238320324417,51.77268724721321,36.93585253325185,-0.08791752904653549,0.9180471897125244,0.38660040497779846
52.339760359781764,48.36234718814643,8.6947868389711,0.7604266405105591,0.6400133967399597,0.11015517264604568
4.398854307356311,41.139880374525966,17.529170673163595,-0.8955546021461487,0.40868818759918213,0.17594295740127563
18.41154629196061,2.785690633265301,6.877633977677756,-0.3758951723575592,-0.9200916886329651,0.110154889523983
28.15021584938938,39.484590898434185,53.40101183709392,-0.10328859090805054,0.58069908618927,0.8075394630432129
32.661160959026894,2.518298742930818,19.37228779916237,0.09322468936443329,-0.9734604358673096,0.2090071439743042
7.758564957285788,19.80806191404488,21.565080893768208,0.8792989253997803,0.4218021035194397,-0.22117042541503906
13.22646301895152,28.954423439340985,41.748944549502276,0.8624070882797241,0.02449851855635643,-0.5056222081184387
49.25485223109448,43.64177715305796,23.317556168074642,-0.7653614282608032,-0.5899861454963684,-0.25717347860336304
33.851037967044306,7.462825972415692,27.304406032697578,-0.20565888285636902,0.9332800507545471,-0.29443636536598206
28.571419185426343,53.126396333019024,25.20455178108724,0.08804100006818771,-0.9623462557792664,-0.25717395544052124
43.01636441971328,56.08407330649029,6.663414392043766,0.45012789964675903,0.889656126499176,0.07679076492786407
4.130462316669863,31.896526000434456,13.615192148946818,0.986872136592865,-0.05470561981201172,-0.1519560068845749
6.442286427658541,38.939830165865466,28.623950086951673,-0.8932273387908936,0.32359689474105835,0.31213775277137756
28.964910935049808,14.456616311537848,43.71584571961482,0.028660446405410767,0.832027792930603,-0.5539931058883667
36.09945139217913,4.295479512135046,24.383239256699355,0.24619723856449127,-0.9383758902549744,0.24256454408168793
48.41676991242425,51.30589713604729,14.340768764186443,0.6451721787452698,0.7505177855491638,0.14309406280517578
4.914337173201012,40.011278586089844,3.2195062191582347,0.9235705137252808,-0.3801565170288086,-0.04998559504747391
4.347467811157207,21.495854771569643,4.888271995971616,0.9577155113220215,0.27511221170425415,-0.08422721922397614
16.714980772707285,24.53786258357899,49.593281608743766,-0.7013905644416809,-0.2780413031578064,0.6563111543655396
55.94022218243901,26.243691299726613,24.176205506065966,0.9646992087364197,-0.10255509614944458,0.24256514012813568
41.30029916345245,54.31392869319758,1.0107467114706186,-0.3994147479534149,-0.9154066443443298,-0.04998544976115227
19.95066910096202,39.88796447736424,45.553843868957614,0.5496858954429626,-0.5766808986663818,-0.6043877601623535
11.59022485355404,44.20812204200188,33.98942993258412,-0.7347881197929382,0.5818819999694824,0.3485681712627411
22.75813543585141,14.609761908704872,41.47811865456931,0.37783944606781006,0.775618314743042,-0.5056219696998596
8.731504520990633,36.22247875512563,29.461662062665628,0.9110735654830933,-0.2885350286960602,-0.29443585872650146
53.16707916296044,17.63004786051723,9.684868405393171,-0.8636466860771179,0.4900780916213989,-0.1180584728717804
29.038773064547627,17.132965041004134,47.25941030335715,0.025980036705732346,0.7542175650596619,-0.6561104655265808
27.28034650979092,20.32838263990697,50.10530794790257,0.18305544555187225,0.6230592131614685,-0.7604524493217468
39.093093733101945,41.48477821270959,44.48163222826297,-0.5122405290603638,-0.6562783718109131,-0.5539930462837219
9.587602934178935,20.6539402483444,36.4571514082034,-0.8272134065628052,-0.407747358083725,0.3866005837917328
47.21398462985871,12.387570202403184,19.867144655901686,-0.7018463611602783,0.6771228313446045,-0.2211703211069107
32.97383684345797,1.43390535573658,13.186802668502676,0.09434771537780762,-0.9852017760276794,0.14309412240982056
44.68331831042837,54.43700801592653,11.989483465506895,0.5164260268211365,0.844291627407074,0.14309385418891907
39.44100017814207,4.409000198314513,2.7755575615628914e-14,0.0,0.0,-1.0
50.418608041180434,43.082595155507036,20.473686554273417,-0.8194997310638428,-0.5286811590194702,-0.22117049992084503
15.83300233088061,47.24457404240882,36.16154186950739,-0.5649717450141907,0.7289354205131531,0.3866005837917328
6.308482343348714,22.1568097090847,19.400767221121598,0.9373287558555603,0.26925554871559143,-0.22117015719413757
12.179505431030089,50.36999950344866,21.189819675465465,-0.6593257784843445,0.7222225666046143,0.20900730788707733
23.308228014726744,47.06624402578461,38.421686560657236,0.2983599603176117,-0.8366382718086243,-0.45936667919158936
54.666214702115134,26.17781177314066,28.65600174542615,0.9447135925292969,-0.10043097287416458,0.312137633562088
39.71894960139799,3.650611325696922,16.714916502590658,0.32562512159347534,-0.928984522819519,0.17594321072101593
24.312823708692044,45.396080291897825,46.69578756484948,-0.2621123790740967,0.7477869987487793,0.6100096106529236
34.29557865885415,35.42232357230799,54.91919195173668,0.29720187187194824,0.3457300066947937,0.8900234699249268
23.049338603304545,55.947056158976594,1.904103621283707,0.25558435916900635,-0.9654936790466309,-0.04998554289340973
43.362045328102475,49.60205655986874,32.047746288013585,0.5518234372138977,0.7576221227645874,0.348567932844162
30.04146350130187,7.683721708488558,36.616619023035355,0.013760269619524479,-0.9221447706222534,0.386600136756897
5.873780220347287,37.75670741105739,16.800710396098818,0.9366596937179565,-0.2966368496417999,-0.1862127184867859
14.815987148216397,52.749420049663804,19.649122470774195,-0.5349351763725281,0.8186331987380981,0.20900727808475494
29.91660649531332,7.174410270409444,27.528304980415403,0.03289991244673729,0.9551047682762146,-0.2944357991218567
28.750253369098697,3.0872898847269865,22.516793631478343,-0.06362738460302353,-0.9680464267730713,0.2425648421049118
33.46873152933877,30.441240691310313,53.44518276500472,-0.2474908083677292,-0.03843369707465172,-0.9681276679039001
4.333549760612702,30.566193576436184,15.392367061630162,0.98100346326828,-0.054380856454372406,-0.1862122118473053
6.6942934756530565,16.092906486299444,3.385209744415762,0.8611958026885986,0.505809485912323,-0.04998547211289406
52.261680465141836,18.67320773247119,17.80471754553822,-0.8920953273773193,0.41169264912605286,-0.18621252477169037
6.695763010350885,41.505252848049835,12.719232159364703,0.8793017864227295,-0.4513731598854065,-0.15195609629154205
5.1147167487217295,19.131079864213703,3.285099101378531,0.9005005955696106,0.43197235465049744,-0.0499856099486351
44.2183053609799,8.773381041980642,27.238997456397772,0.525632917881012,-0.8043971657752991,0.2768668830394745
31.52928341569642,10.047317017381813,41.352436436009846,0.08374442905187607,-0.8744704127311707,0.4777953326702118
54.58959560800994,32.887889492262254,29.0752062080913,0.9412964582443237,0.12857338786125183,0.3121376037597656
50.030185562107086,8.437144711972758,6.135154933629167,0.6722258925437927,-0.736352801322937,0.07679121941328049
47.52847509639393,17.081619908000484,37.43576723093999,0.7576974034309387,-0.5064781904220581,0.41155126690864563
27.82879065717497,1.5680526287988688,14.72285730102564,-0.06456323713064194,-0.9822807908058167,0.1759433001279831
56.137990183478976,42.10150588734707,9.892557945986624,0.8914951682090759,0.4394340515136719,0.11015493422746658
9.972589981109062,45.69176134178649,27.527572419575275,-0.7533090710639954,0.5965485572814941,0.2768667936325073
52.29855788559074,15.372808966170448,5.920781346896884,-0.8224481344223022,0.562569797039032,-0.0842272937297821
28.909099908932056,58.51874502720959,12.281478632225294,-0.014766250737011433,0.9895989298820496,0.14309412240982056
22.868615006575236,26.187320133304222,54.55776671680615,-0.40893426537513733,-0.20157061517238617,0.8900236487388611
37.3124917558439,57.95328677166379,9.323247993771666,0.2234346866607666,0.9684744477272034,0.1101553663611412
1.6228280303933391,25.215889664386353,13.146186609450005,-0.980603814125061,-0.13394084572792053,0.14309436082839966
44.63920801088853,44.981120563697054,38.73835394729942,0.6394535303115845,0.6328142881393433,0.43662944436073303
31.314577712836076,52.83004691334728,34.46998774063786,0.0614723339676857,0.935265302658081,0.3485684096813202
23.871385712754236,58.50895352067062,7.571752635312653,-0.17405475676059723,0.97855544090271,0.11015556007623672
46.73321427143263,10.998110527748329,27.910272281265325,0.6478604674339294,-0.709662914276123,0.2768669128417969
56.68538266642556,28.796978349649915,4.041811287472285,-0.9963559508323669,0.013440007343888283,-0.0842270702123642
48.65408018704185,12.401742686293634,26.700439742029772,0.7028636932373047,-0.655230700969696,0.27686694264411926
43.51404177363122,40.43762582730115,45.57130064135278,0.6314576268196106,0.5314659476280212,0.5646283626556396
10.147876663259751,28.810870234456043,35.659503346502355,0.9091509580612183,0.02582554519176483,-0.4156651496887207
23.999955851761626,3.4782571300963143,1.8055942273623484,0.2003634124994278,0.9784456491470337,-0.049985602498054504
31.375615607260944,2.169726693630766,18.322196454722334,0.09322424978017807,-0.9734603762626648,0.2090073972940445
44.701112201925916,6.930208340891239,20.088971032866755,0.5349356532096863,-0.818632960319519,0.20900706946849823
34.7734992501648,21.312300079128537,50.09761812756579,-0.34053510427474976,0.5529447793960571,-0.7604524493217468
50.019772318966794,49.98164924388637,13.486929955137352,0.7034721970558167,0.6961687207221985,0.14309412240982056
53.19839495744131,45.05716053508586,17.320662766732603,0.8450769186019897,0.5048655271530151,0.17594265937805176
49.46789197709073,12.537221591824428,11.118019517901981,-0.7698224186897278,0.6272444128990173,-0.11805857717990875
46.99336069634113,10.549370971192463,13.37411381380478,-0.6513925194740295,0.7433688044548035,-0.15195594727993011
45.84187727086338,18.978021924204334,42.296247036845884,0.7303324937820435,-0.4881860911846161,0.47779580950737
25.205023010836335,14.316610663872574,42.4886039310391,0.24319961667060852,0.8277682662010193,-0.5056220293045044
41.35192007791244,24.58642180660397,51.100211780859226,0.6185843348503113,-0.282292902469635,0.7332558631896973
36.901998760561156,14.536352263753649,46.2297710857676,0.3348005712032318,-0.7543896436691284,0.5646280646324158
56.243438159538286,43.431963139966456,2.178246488011295,0.8959563970565796,0.4416327178478241,0.047145288437604904
59.05007599148743,25.512417179100186,4.908662522755697,0.9797643423080444,-0.18483763933181763,0.07679115235805511
32.56983551391475,51.367692684174784,30.453621630878942,-0.15030498802661896,-0.9308066368103027,-0.33317774534225464
56.27566856717494,24.73442025965879,2.9384733309659343,-0.9824272990226746,0.17982783913612366,-0.04998548701405525
22.357164062562813,48.35503072481869,41.15434276700436,-0.35635119676589966,0.8029479384422302,0.47779542207717896
7.3962376739774935,34.56902710351049,26.597124505809056,0.9320223331451416,-0.21128639578819275,-0.29443585872650146
21.659807356442755,6.5216491184375736,19.576529223275447,0.3522385060787201,0.9094018936157227,-0.22117023169994354
37.34908433368946,3.901872892575478,1.6925837812324236,-0.29579058289527893,0.9539440870285034,-0.04998555779457092
34.43948720988628,59.18439038757182,2.7755575615628914e-14,0.0,0.0,-1.0
10.116470005641553,51.43667606256431,7.842844524553115,-0.6701135039329529,0.734039306640625,0.11015530675649643
9.091669871437064,45.817951183037515,24.809889826611325,-0.7605422139167786,0.6022771596908569,0.24256496131420135
7.100181194578442,39.98452387965592,29.226836266821614,-0.864292323589325,0.39442241191864014,0.3121373653411865
13.050268682660707,8.819844586763868,3.908268578193709,0.6454570293426514,0.7591383457183838,-0.08422728627920151
44.86467337498856,8.308814579930015,10.303623187411388,-0.5896474719047546,0.7989856004714966,-0.11805858463048935
20.608914734773943,38.01073089737525,47.708916476034005,0.5645744800567627,-0.5007740259170532,-0.6561105847358704
16.097892154991673,16.017243237509017,36.153642238139675,0.645063042640686,0.6411831378936768,-0.41566556692123413
45.57827631313086,9.64472612445245,14.80301467701343,-0.5869045853614807,0.795268714427948,-0.15195618569850922
14.796312117080413,49.28887573999962,20.027852263023775,0.6114462614059448,-0.7597480416297913,-0.2211703509092331
16.812194494505075,4.139565975249496,11.565905983696183,-0.4468146562576294,-0.8831085562705994,0.14309430122375488
25.67879379200513,14.266074657908694,42.63374875140372,0.24319961667060852,0.8277682662010193,-0.5056220293045044
14.914283868845011,9.29564312547979,16.01736986058749,0.5715630650520325,0.7991499900817871,-0.18621231615543365
24.973704887758064,52.25802493184662,26.587248013054186,0.16639657318592072,-0.941073477268219,-0.2944365441799164
50.15137714045093,29.212169559486817,40.48092047850555,0.8781887292861938,-0.02227233350276947,0.47779545187950134
38.63858055108801,53.02719836401427,29.501976333775072,0.35930052399635315,0.8794732689857483,0.31213757395744324
14.374303213337049,38.540350168863306,44.92403326339704,-0.720847487449646,0.40196236968040466,0.5646283030509949
48.60524926522525,17.66290283477047,36.08605043040235,0.7667266726493835,-0.5125136375427246,0.3866004943847656
4.90961472779081,35.489979052833846,15.043956203467506,0.963928759098053,-0.2185191959142685,-0.1519562155008316
15.814310683999652,8.628541320662961,15.916988066841824,0.5715628266334534,0.7991501092910767,-0.1862124651670456
12.099087099577492,33.18292034771119,44.45654340926435,-0.8390657901763916,0.15829326212406158,0.520491898059845
44.84794770983941,8.941091137032641,13.941285576024237,-0.5869045257568359,0.7952687740325928,-0.15195611119270325
44.169012556090834,13.674499075619687,30.728413982066083,-0.6213908791542053,0.7091305255889893,-0.3331775665283203
26.069805956166828,58.95411408958926,6.934842615173398,-0.09474901109933853,0.9893878698348999,0.11015543341636658
53.394571645334906,13.479558816365559,12.429726239351021,0.8228123188018799,-0.5500035285949707,0.14309437572956085
55.70121433838371,24.09473275072103,23.604076355063988,0.9533188939094543,-0.17984828352928162,0.2425648719072342
56.000005119831826,29.28170270388983,24.846636439792576,0.9698233604431152,-0.02459600940346718,0.24256490170955658
40.47943948685852,19.73884842882377,44.79751913505512,-0.5733530521392822,0.5531557202339172,-0.6043881773948669
27.771823822051214,8.23604769479116,30.484013107012327,0.11119550466537476,0.9362842440605164,-0.33317768573760986
29.0725170346523,59.36340463722093,4.55498770417932,-0.014875287190079689,0.9969362020492554,0.07679145783185959
25.504645483070334,2.377336208407417,17.757406726640482,-0.1433940976858139,-0.9739004969596863,0.17594313621520996
54.09965045031398,45.98807320618779,2.7755575615628914e-14,0.0,0.0,-1.0
55.62939020991726,38.986212061815415,2.7755575615628914e-14,0.0,0.0,-1.0
24.26628803494475,47.02475819473811,39.11950492513583,0.2983599603176117,-0.8366382718086243,-0.45936667919158936
10.612661912739467,12.05330391898285,10.983997018239824,0.7042766213417053,0.7000404000282288,-0.11805874109268188
40.87235282736078,10.07332178393002,27.612886696686815,-0.431294709444046,0.8528143167495728,-0.29443609714508057
40.03497259706938,26.991286882058503,52.821900015909065,0.5689120888710022,-0.15562568604946136,0.8075392842292786
20.67866318594873,19.975552591325265,46.420858577647756,0.565041720867157,0.5616428852081299,-0.6043881773948669
55.56417419769299,28.31176918595831,13.722028074457299,-0.9837157130241394,0.09598306566476822,-0.15195609629154205
2.0852410893711824,35.85741637450362,14.450927617948567,-0.9673365950584412,0.18249313533306122,0.17594358325004578
40.494305285331116,35.55323082427384,51.60085964480569,0.5804646611213684,0.28612130880355835,0.7623617053031921
9.44273790461335,28.118484483193235,40.24337541620002,-0.898271381855011,-0.049632906913757324,0.4366292357444763
27.83205529976693,2.119078341312588,17.80039979976361,-0.06456281989812851,-0.9822808504104614,0.175943061709404
18.52244778837219,49.708211436294384,26.78801112764667,0.4666290581226349,-0.8340051174163818,-0.2944363057613373
48.02754733652215,30.75576247342773,44.17131492342689,0.8525659441947937,0.04710729792714119,0.5204923152923584
13.194447472005304,9.147551603866292,7.863773831499925,0.6432290077209473,0.7565174102783203,-0.11805856227874756
20.89497841078207,10.248689870349779,38.06812318883825,-0.3402412533760071,-0.8328208923339844,0.43662941455841064
44.435227943930165,48.739261066188654,32.22408229134917,0.5518236756324768,0.7576218247413635,0.3485681712627411
42.805576806710505,21.778929733343844,43.921451094184505,-0.724067747592926,0.41087448596954346,-0.5539928078651428
7.127258413882177,26.253076938569627,34.63392474748977,-0.913762629032135,-0.12481164187192917,0.38660040497779846
47.94162234184303,30.96572779699302,38.96164965724699,-0.8860533833503723,-0.062380898743867874,-0.45936694741249084
1.7787257562507393,37.1813420223375,10.105541672837916,-0.9586922526359558,0.26224973797798157,0.11015539616346359
56.00471744288275,33.27616636356581,9.055932315035426,-0.9812453389167786,-0.1523808240890503,-0.11805807799100876
51.99613830021346,24.816315951929003,27.315553130905695,-0.9400525689125061,0.17207151651382446,-0.29443609714508057
2.3504577270202978,24.682231133044898,16.894839691088638,-0.9614610075950623,-0.21127399802207947,0.17594316601753235
24.004930747089443,18.7251460924523,47.46885553813109,0.3305017054080963,0.6784449815750122,-0.6561105251312256
41.79194753586434,44.651581903187854,42.83264025043977,0.5566190481185913,0.6475052237510681,0.5204923152923584
26.595974645448706,22.242173762488274,54.35658316235104,-0.1724255084991455,-0.4220515191555023,0.8900235891342163
52.19458806937453,13.442550265642739,18.211231129823837,0.7666406035423279,-0.6071063876152039,0.20900727808475494
21.002043079665604,49.75199655383475,37.45438981526921,-0.36970382928848267,0.8330338597297668,0.4115503430366516
22.95100916099089,56.94016324067546,2.7755575615628914e-14,0.0,0.0,-1.0
19.314593844481585,20.273847120265664,49.52828244577409,-0.5772473812103271,-0.485840767621994,0.6563110947608948
12.925654483089284,8.931188785968867,22.068681562657382,-0.6324127912521362,-0.7356740236282349,0.2425651252269745
5.57483516531148,38.891815012103216,25.871258133613505,-0.9034488797187805,0.3272993862628937,0.27686673402786255
27.69816937489537,56.12901422989023,9.135170527511079,0.09046660363674164,-0.9888771176338196,-0.11805853992700577
16.76310785328741,46.81837741909708,31.219918708960485,0.5911504626274109,-0.7345294952392578,-0.3331778645515442
16.25655384440007,42.32836117967088,43.792210374073775,-0.6245670318603516,0.5822402834892273,0.5204923748970032
42.67002170276058,43.89276599071223,42.83760635457465,0.5566190481185913,0.6475052237510681,0.5204923152923584
4.590944797639543,14.515049429068492,4.782920367380023,-0.8559339046478271,-0.511351466178894,0.07679106295108795
21.716898571238364,5.477674858484568,26.652453508617462,-0.29065626859664917,-0.9158949851989746,0.2768670320510864
56.44371873958901,18.65675662780695,11.232418192490965,0.9003840088844299,-0.4108926057815552,0.14309388399124146
27.922879155031293,18.86773916568181,48.94986214635698,0.14161138236522675,0.6915407776832581,-0.7083202600479126
31.654914157398906,22.343337031819026,51.65424822581206,-0.11015817523002625,0.49989837408065796,-0.859049916267395
6.522757664177954,47.05651647185216,10.38602801272426,-0.7791837453842163,0.6170400977134705,0.11015541851520538
59.02676802068121,26.038371308206507,5.948532711388628,0.9914605617523193,-0.10539942234754562,0.07679115235805511
5.536453895322939,38.85101788653044,12.810952173255274,0.9139878153800964,-0.3762122094631195,-0.15195609629154205
54.53561608897782,45.770032616898376,6.602758180387248,0.8559339642524719,0.5113513469696045,0.07679107785224915
14.631783894502036,19.336990885963406,43.764198981648484,-0.6954032778739929,-0.49548137187957764,0.5204924941062927
40.26192074125407,55.80274797427469,2.7755575615628914e-14,0.0,0.0,-1.0
10.78453377281753,41.55452648661146,28.421921897586245,0.8106947541236877,-0.5060449242591858,-0.2944360077381134
25.030256439601967,10.43331900165761,41.122741197254825,-0.19748233258724213,-0.8559860587120056,0.4777956008911133
33.94487241303042,55.417534069832584,12.707007989934612,-0.1575622707605362,-0.9757476449012756,-0.1519562304019928
41.93329294811054,43.92375278594529,43.58692266008945,0.5566190481185913,0.6475052237510681,0.5204923152923584
7.369071508319358,11.631553650766493,10.855398593128577,-0.7572094798088074,-0.6373052000999451,0.14309395849704742
23.44596138057856,30.788678668325826,52.363396793310876,0.4268960952758789,-0.059790078550577164,-0.9023219347000122
15.402464488921442,11.389484997113083,33.51654318173295,-0.5518233776092529,-0.7576220631599426,0.3485681712627411
43.130530726203745,51.07422908457547,17.719011284359055,-0.5375963449478149,-0.8223838210105896,-0.18621237576007843
18.849091079737693,11.582798272668795,31.586137645701246,0.482403039932251,0.8101110458374023,-0.33317771553993225
4.876273264333835,13.870210331900818,3.669288848752062,-0.8559339046478271,-0.511351466178894,0.07679106295108795
51.64269064295832,40.42869552795622,21.577228564590175,-0.8608645796775818,-0.4582531750202179,-0.22117002308368683
14.696248816251606,8.47551014612189,10.88806210834045,0.5776693820953369,0.807688295841217,-0.11805830895900726
10.248543359450434,20.67694743719933,37.84856224235124,-0.8174722194671631,-0.4029468894004822,0.41154950857162476
4.558263859468397,45.1449191490492,4.674949426838753,-0.8708100318908691,0.48558518290519714,0.07679161429405212
14.27736045606239,8.382847713624892,8.204464297797287,0.5776691436767578,0.8076884150505066,-0.1180584728717804
12.032145515079714,37.70887038217685,42.07396184172254,-0.7991853952407837,0.36471083760261536,0.47779566049575806
27.098854804952133,9.600657791341694,33.918078922383074,0.10938790440559387,0.9210639595985413,-0.3737318515777588
2.467008265586928,40.59227743065955,6.466766972519602,-0.9374262690544128,0.33961012959480286,0.07679130882024765
17.841270463285912,44.06496152690135,38.06226389434504,0.5702432990074158,-0.7085511684417725,-0.41566550731658936
27.664081589578906,36.76257445456614,51.92123954100027,0.1719430536031723,-0.48215019702911377,-0.859049916267395
43.33671044679015,47.42811756943913,29.016536995731446,-0.5880127549171448,-0.7533581256866455,-0.2944360673427582
27.347705338621967,1.3696843965332892,13.217674047117267,-0.06491142511367798,-0.9875781536102295,0.14309406280517578
20.753614090816086,4.711003376712361,5.969794902421934,0.3598991930484772,0.9291815757751465,-0.08422717452049255
32.23958060114785,53.130297621555904,24.82186105021139,-0.07368265837430954,-0.9635521173477173,-0.2571733891963959
4.919964738822218,39.57151656571436,5.489886915960857,0.921440601348877,-0.3792794346809387,-0.08422748744487762
28.89132640670301,2.8103562712014987,0.802901012873483,0.03438291698694229,0.9981579780578613,-0.04998517036437988
44.89536790501953,23.664335754370924,42.35993765432974,-0.810864269733429,0.2946954071521759,-0.505622148513794
13.407384530158387,8.655611075841055,5.083289533044516,0.579670786857605,0.8104859590530396,-0.08422714471817017
13.350498726657872,5.032517122702249,1.1121444146637178,-0.5212156772613525,-0.8521218299865723,0.04714509844779968
45.61684903433442,5.827104138265262,12.066895781643165,0.5413875579833984,-0.8285068869590759,0.1430940181016922
5.668351762622037,28.652054769041474,21.784646808066682,0.9748419523239136,0.02769218571484089,-0.22117024660110474
31.322164280618885,45.79542589902193,47.32755002633795,0.051970165222883224,0.790687620639801,0.6100099682807922
9.32555970420657,46.296355614671924,24.355375982151955,-0.7605422139167786,0.6022771596908569,0.24256496131420135
8.324773972924195,46.64968906140878,20.10627845670723,-0.7666402459144592,0.6071067452430725,0.20900742709636688
55.84008880526752,36.00264507096751,5.637927575083898,-0.968396008014679,-0.23476570844650269,-0.08422751724720001
4.798250489499478,15.298513525857024,10.588360467157047,-0.8496342897415161,-0.5075882077217102,0.1430937796831131
55.60079863273972,37.594530512608046,3.490339925585914,-0.9475404620170593,-0.3157033324241638,-0.049985338002443314
45.79340922139831,33.76520451171799,42.060886277943034,-0.838468074798584,-0.20326730608940125,-0.5056220889091492
26.86869054424842,15.697211143253838,49.25482036628039,-0.16961129009723663,-0.7351787686347961,0.65631103515625
55.7332554903354,26.648653183272888,11.576945259792744,-0.9837157130241394,0.09598322957754135,-0.1519560068845749
47.65275045672966,31.458942428767422,44.71497157094623,0.8240886330604553,0.04553382843732834,0.5646278858184814
35.52904808153262,26.122843248269202,52.19540359291885,-0.42250582575798035,0.2890018820762634,-0.859049916267395
58.71433178582889,34.68430690260923,7.608095112995164,0.9847704172134399,0.1345105916261673,0.1101551502943039
55.93181938143109,43.80260327329803,3.9321345775402685,0.8943052291870117,0.44081881642341614,0.07679107040166855
51.57801036037507,13.840312240432533,1.991268973691365,-0.8243494629859924,0.5638700127601624,-0.04998558759689331
23.89695761981173,53.79024471270791,19.608243923918714,0.24956625699996948,-0.9427621960639954,-0.22117000818252563
14.335658702919526,49.79823078015128,16.598681320415103,0.61600661277771,-0.7654154896736145,-0.18621230125427246
33.68502042340012,56.866490415408634,20.072393330240644,0.14245004951953888,0.9674832820892334,0.2090073674917221
21.641123280896668,29.517188588181497,51.34645558561911,0.5845441818237305,0.01660524681210518,-0.8111919164657593
50.67126054618838,48.317483773404525,17.435888036839057,0.7531476616859436,0.6338869333267212,0.175943061709404
55.40184019171757,28.26346485394258,14.742418212628316,-0.9837157130241394,0.09598306566476822,-0.15195609629154205
11.610393274300893,23.55819727750453,36.63064708806075,0.8500874638557434,0.3233785033226013,-0.4156653583049774
40.546090816360724,38.01327530082786,46.364482404162246,-0.6309787631034851,-0.48639577627182007,-0.6043881177902222
7.496412886493953,32.37802823370954,35.82763154660992,-0.9170798659324646,0.09749191999435425,0.3866003453731537
29.876059980252023,23.748149412773994,52.54419451851666,0.014839707873761654,0.43080735206604004,-0.9023218750953674
57.720379333370445,40.33671060252435,0.18586948219256172,0.9285876750946045,0.36810633540153503,0.0471453033387661
27.61218670914482,55.02598484027593,16.483214430577974,0.08951187133789062,-0.9784234762191772,-0.1862126588821411
37.870243631883184,52.66966275117613,21.676968449110667,-0.31384775042533875,-0.9233543872833252,-0.221170112490654
22.022228823711778,3.6411844181182866,2.7755575615628914e-14,-0.0,0.0,-1.0
11.741727919825212,9.7923366266273,1.8642283555335095,0.6469489336013794,0.7608932256698608,-0.049985621124506
44.667448818998174,32.51692156161036,44.20010630590717,-0.8226608037948608,-0.12775397300720215,-0.5539928674697876
46.27317021647754,41.74218948805374,34.20895267535446,-0.7346093058586121,-0.5662803649902344,-0.3737321197986603
6.280493633151965,40.64578766778875,25.791656654935878,-0.8741823434829712,0.398936003446579,0.27686700224876404
19.66511992391483,53.950641091358754,24.865358073367233,-0.39353451132774353,0.8867316842079163,0.24256440997123718
37.5473681907695,44.83542473954332,46.19495759791308,0.37261053919792175,0.7364487648010254,0.5646278262138367
25.668857351433687,48.190405101681044,37.60910936835446,0.23274913430213928,-0.8792324066162109,-0.41566598415374756
52.84872442665197,18.000163457118695,13.07822465250416,-0.8596288561820984,0.4877987504005432,-0.15195593237876892
47.039141071989,6.238623653584453,2.7755575615628914e-14,0.0,0.0,-1.0
55.99088354659289,27.603722896022234,24.549731108744353,0.9646992087364197,-0.10255509614944458,0.24256514012813568
40.30677198374296,10.121275270669893,28.580252525803246,-0.431294709444046,0.8528143167495728,-0.29443609714508057
11.234390241792488,41.011606431867584,37.68140897549747,-0.7959957718849182,0.4438665509223938,0.41154980659484863
16.580759476910853,6.37052888280805,2.80852838590425,0.5109962224960327,0.8581283688545227,-0.04998500645160675
17.376222302294632,53.696156154216816,3.3758587795710673,0.48766255378723145,-0.8716000914573669,-0.04998575150966644
44.959353920297566,4.193880328803806,1.207473722257899,0.47735100984573364,-0.8774470686912537,0.047145187854766846
55.58842947695049,43.83702260886738,7.416814756180303,0.8914953470230103,0.4394335448741913,0.11015527695417404
48.91968044654484,41.213609005100196,28.921630175372844,-0.803059995174408,-0.5180753469467163,-0.29443609714508057
46.84098377762429,6.276229433302856,9.742486990519943,0.608875036239624,-0.7855806946754456,0.11015541851520538
15.697426803123246,56.06594210342755,0.15371665195984496,-0.47735142707824707,0.8774468302726746,0.04714534804224968
39.29985637863443,55.08186862955215,2.4456650946311624,-0.3214143216609955,-0.9456184506416321,-0.0499856173992157
32.87092265313375,13.915901761211552,47.10190925795526,0.13876396417617798,-0.7801492214202881,0.6100096106529236
27.639727561240363,53.00020850611025,25.357795637273856,0.08803998678922653,-0.9623464941978455,-0.25717341899871826
54.47591499933229,40.76832505206673,21.781062596520727,0.9018586277961731,0.35750994086265564,0.24256481230258942
45.5778010969708,11.723776416730109,31.93499659011916,0.6319320201873779,-0.6922153830528259,0.3485682010650635
28.50242222848381,59.08965465113735,7.600859627076472,-0.014828675426542759,0.9938037395477295,0.1101553812623024
20.221690252681668,4.372589799709365,2.7755575615628914e-14,-0.0,0.0,-1.0
28.554968860538214,15.344265141557434,44.97462424650639,0.09395600110292435,0.7911303639411926,-0.6043881177902222
42.896185736769525,52.45990155519628,11.353342561577577,-0.4718843400478363,-0.8737204074859619,-0.1180584579706192
18.86811384554446,26.324503178790515,48.56945957197037,0.6784538626670837,0.19489142298698425,-0.7083203196525574
7.065558012411602,15.88164241514259,6.067683886556151,0.8592097759246826,0.5046427845954895,-0.08422728627920151
11.456215965017627,14.261859979236894,31.681753567880833,-0.7170992493629456,-0.6035468578338623,0.3485683500766754
9.63013066149641,22.535289671282516,31.084559473482976,0.8812546133995056,0.33523550629615784,-0.3331778943538666
40.67586208792471,14.656787255651352,43.48669166129529,0.5230813026428223,-0.6748878955841064,0.5204923152923584
35.65972131620279,47.0228568849944,38.94722092471122,-0.28585368394851685,-0.840993344783783,-0.4593667685985565
54.732981133421134,14.282997425900135,6.988432210008823,0.8263087868690491,-0.5523402094841003,0.11015503853559494
0.813970262986115,34.59500401937735,6.4139071069517195,-0.9797645807266235,0.184836745262146,0.07679057121276855
22.196363832236045,53.635088632340576,28.938294524949427,-0.3142576515674591,0.8965557813644409,0.3121374845504761
15.992975651575291,39.32262750125544,41.503536401765075,0.6910802721977234,-0.5164822936058044,-0.5056224465370178
50.06250989934277,51.4658135262214,3.8027256178614035,0.7086877226829529,0.701330840587616,0.07679086923599243
37.237452171716576,5.477930940025286,27.4558210378159,0.24385565519332886,-0.9294509887695312,0.2768668830394745
28.57435597722052,3.2916918333627763,7.579148985266688,0.03430338576436043,0.9958559274673462,-0.08422713726758957
54.35231232031539,29.02823767328599,20.270087292534726,-0.975146472454071,0.013154014013707638,-0.22117026150226593
54.90120837231566,37.595907595854555,10.344047189966766,-0.9420913457870483,-0.3138885498046875,-0.11805883049964905
33.96635333878638,24.541364045785635,55.113050741358535,0.2327541708946228,-0.300303190946579,0.9250099658966064
54.92021417006276,36.90495639137202,11.832524153082163,-0.9605638384819031,-0.2328660637140274,-0.15195566415786743
19.861326479872197,5.569359996764067,24.62410257645752,-0.36690181493759155,-0.8980786800384521,0.24256502091884613
42.33448369254531,3.1025899085667383,5.046238424663704,0.404451459646225,-0.9113298654556274,0.07679124176502228
17.734572345366715,8.905698926036196,21.865514315796606,0.49896538257598877,0.8379243612289429,-0.22117029130458832
33.20980115211357,19.050003394859672,52.28219901999628,0.21406807005405426,-0.6107205152511597,0.7623617053031921
29.413983997285598,17.494461715771624,47.68981730538353,0.02597980573773384,0.7542175054550171,-0.6561105251312256
9.223481021039989,10.342096351036144,14.59534995980998,-0.6996984481811523,-0.6924349069595337,0.17594309151172638
9.820694950513335,51.61390180403745,4.058051873918786,-0.6722263097763062,0.7363525032997131,0.07679089903831482
56.23079457860197,35.47170693371161,1.8306110136190168,-0.9706346988677979,-0.23530784249305725,-0.04998534545302391
42.29879471803447,48.45147438436606,28.283032065125596,-0.5229119658470154,-0.799919068813324,-0.2944360673427582
50.836175114805854,50.87264349636718,1.6062195072778531,0.7099962830543518,0.7026255130767822,0.0471452996134758
25.644135232715186,9.80355814525989,33.796815655253994,0.18607619404792786,0.9086803197860718,-0.37373217940330505
46.44597038589916,45.22047136451015,27.50760922745871,-0.7054155468940735,-0.6447452306747437,-0.29443585872650146
48.20009542875123,17.670604073093973,29.518836194610916,-0.7887929081916809,0.539548933506012,-0.2944362759590149
13.697692633627767,5.01008366574573,3.881123967173364,-0.5202550888061523,-0.850551426410675,0.0767911970615387
9.473832238198062,41.783610529957585,32.97996538906454,-0.8186129331588745,0.4564788043498993,0.3485683798789978
9.128518417851213,42.51442533889396,31.15901836582177,-0.7898300886154175,0.527957022190094,0.31213751435279846
22.438051697687982,8.557577038032687,27.958825995502206,0.34517207741737366,0.8911585807800293,-0.2944360375404358
25.733744006454902,45.34639735878493,42.73092868612915,0.22078220546245575,-0.8340274095535278,-0.5056219100952148
4.753746849578207,31.726987901646893,17.267054338751564,0.98100346326828,-0.054380856454372406,-0.1862122118473053
22.041661940615313,4.912416975373822,11.479606937529656,0.2786129117012024,0.9483059644699097,-0.15195609629154205
49.35528769730637,15.36815509156417,31.082621717022285,0.7447860240936279,-0.5897998809814453,0.3121376931667328
20.791253901276797,17.26062019260893,48.03526027849834,-0.4665203094482422,-0.6405052542686462,0.6100096702575684
30.76466335219017,39.544427536283955,50.17360050596578,-0.049514491111040115,-0.647503137588501,-0.7604525089263916
10.215158974099989,44.20167247601846,21.215373036513526,0.7811779975891113,-0.5838190913200378,-0.22117005288600922
24.612836337349098,23.5667033546465,51.37740982995551,0.3787963390350342,0.44551190733909607,-0.8111920356750488
14.455083200137379,24.893836386916288,47.17195172876656,-0.7577347159385681,-0.23179015517234802,0.6100093722343445
11.441918518370533,15.875694623358395,26.113937407976465,0.7893962264060974,0.5574183464050293,-0.2571738660335541
39.63923115097534,7.8842745907767,22.503849133256807,-0.3657582700252533,0.9040490388870239,-0.2211700826883316
11.180969160934847,36.211220483814,35.65545738423171,0.867073655128479,-0.274600625038147,-0.4156653881072998
21.729576713303356,35.78959581123833,49.91730244195298,0.5201742053031921,-0.3887554705142975,-0.7604525089263916
13.764975518426748,41.17081703661754,35.761308831302195,0.728537380695343,-0.5444770455360413,-0.41566574573516846
52.37210195675891,29.929419403582344,27.861104730861744,-0.9555843472480774,0.012890692800283432,-0.29443567991256714
44.13319086828496,26.262564909449654,48.9112034279829,0.7277531623840332,-0.19907605648040771,0.6563109755516052
56.335003561566445,41.06147324167676,2.7755575615628914e-14,0.0,0.0,-1.0
43.028261567378486,14.848577567719442,41.1550866414652,0.5922799110412598,-0.648780345916748,0.4777955114841461
24.46381215199007,5.361725531232452,28.755443720984875,-0.21357087790966034,-0.9257200360298157,0.31213754415512085
13.601287684536768,5.450020913739323,2.7755575615628914e-14,0.0,-0.0,-1.0
1.586307470251901,36.158295456030494,10.691964085825274,-0.9725536108016968,0.18347671627998352,0.1430937498807907
44.76359123177395,9.410238179889584,16.45446844144139,-0.5834144353866577,0.7905394434928894,-0.18621227145195007
19.43616400143909,6.4508533634080205,26.97168113001046,-0.36341211199760437,-0.8895371556282043,0.27686694264411926
28.5758162050801,53.86963445445844,22.372890365963045,0.08884792774915695,-0.9711796641349792,-0.22116996347904205
31.984709818367826,54.14097966251243,20.827810231787605,-0.0743597149848938,-0.9723962545394897,-0.22116997838020325
35.51488436317899,7.571418777997561,26.486445532918893,-0.20565888285636902,0.9332800507545471,-0.29443636536598206
48.87107984823709,40.81895404001514,37.01582607489167,0.7917208075523376,0.47298866510391235,0.38660043478012085
41.87150080121048,56.71712692817523,5.822185792013375,0.3770798444747925,0.9229918718338013,0.07679042220115662
19.124905164229453,7.6093225625614,19.669740091798474,0.42709946632385254,0.8767381310462952,-0.22117029130458832
21.122606951613417,50.08657370871954,29.46460016923037,0.3952047824859619,-0.8701266646385193,-0.29443633556365967
49.93169401229485,13.721326846701695,13.723700977806008,-0.7662410736083984,0.624326765537262,-0.15195614099502563
15.379936670099418,12.357642656190094,35.36934686229051,-0.6011951565742493,-0.6993600726127625,0.3866003751754761
28.955635282031746,4.3199300361891,27.184556934156436,-0.06302239000797272,-0.9588393568992615,0.27686697244644165
22.435619003065117,23.395182637783503,53.39838124306533,-0.4512561559677124,-0.37980008125305176,0.8075393438339233
9.892066288361208,11.918520577219502,4.957227148696038,0.7630187273025513,0.6408652067184448,-0.08422733843326569
14.757509920768449,8.96029968447473,26.382576120107633,-0.5657325983047485,-0.7767183184623718,0.2768669128417969
40.709331933911116,8.479506925591025,32.02996502929691,0.44791150093078613,-0.8233320713043213,0.34856799244880676
49.72558546910667,38.21576720606356,37.909448466254034,0.8472448587417603,0.3358604311943054,0.4115506410598755
49.681450313906076,51.232984397197285,8.552959168110306,0.6479138731956482,0.7537065148353577,0.1101551428437233
43.86965828919763,16.313260646520177,42.03133298844736,0.6425643563270569,-0.5990179181098938,0.4777955710887909
26.195734625502535,57.226610506712,2.7755575615628914e-14,0.0,0.0,-1.0
47.10690952469459,7.068974247103703,13.139905156190535,0.6062990427017212,-0.7822567224502563,0.143094003200531
46.976354715076496,46.271393223372115,23.57425315310622,-0.7133092284202576,-0.651960015296936,-0.25717321038246155
12.63921142665918,14.108697407151698,33.845865328669134,-0.6662089228630066,-0.6592918634414673,0.3485683500766754
12.895272275005777,16.530332555576507,38.03815057845781,-0.6882995367050171,-0.5793085694313049,0.4366295039653778
43.18966836822884,14.79770687394955,34.664718359937865,-0.6112892031669617,0.6976029872894287,-0.3737320303916931
47.114037683909004,49.82256142868168,8.8940463091216,-0.674344003200531,-0.7289186120033264,-0.11805862933397293
49.93694947777308,32.12039534039951,34.39533025184164,-0.9165506362915039,-0.14233487844467163,-0.37373220920562744
48.72283143698335,48.39781231511514,23.592519630870594,0.6895589232444763,0.6824008822441101,0.24256448447704315
8.29472945260343,45.94034114480329,3.6472541532735625,0.8000138401985168,-0.5978957414627075,-0.04998527839779854
25.188515339321846,0.9820449330247335,8.121261249726315,-0.14477945864200592,-0.9833131432533264,0.11015503108501434
45.943421147045555,18.73098476726682,35.96253911212868,-0.750698447227478,0.5134921669960022,-0.41566529870033264
43.042228276321,56.20022543893608,5.1661297553266285,0.45012789964675903,0.889656126499176,0.07679076492786407
11.892529460934412,16.176069079061598,27.88646410663094,0.7806605100631714,0.5512499809265137,-0.2944360375404358
55.85091221067045,25.21640315086047,23.847394400156773,0.95331871509552,-0.17984871566295624,0.2425651252269745
12.203954880383446,32.09656409070222,44.88541289142999,-0.8207207918167114,0.08724883198738098,0.5646281838417053
47.33525518799381,53.9179134329177,0.6655407235497597,0.588092565536499,0.8074184060096741,0.047144729644060135
32.507168499643505,2.982100313439841,21.60114988488304,0.09322424978017807,-0.9734603762626648,0.2090073972940445
24.731352059393846,3.3519283857594786,21.75397999536324,-0.21808898448944092,-0.9453038573265076,0.2425650954246521
38.61617833140465,22.952374252692053,52.39612742698535,0.507337212562561,-0.40176302194595337,0.7623617649078369
13.063723712663117,7.31401254516115,2.7755575615628914e-14,0.0,-0.0,-1.0
5.117060799674606,30.29989868175782,19.511033588400412,0.97374027967453,-0.0539778396487236,-0.22117015719413757
46.252469360809876,12.10520601000755,21.927002320216012,-0.6427249312400818,0.7334768772125244,-0.2211703211069107
50.487236655814684,21.923836903729306,29.23396711838974,-0.8981918096542358,0.32643356919288635,-0.29443612694740295
13.160636897081444,51.48796671861063,2.7755575615628914e-14,0.0,0.0,-1.0
39.41123803919523,13.570957546762934,43.11874710759368,0.4080478847026825,-0.7500564455986023,0.5204923152923584
35.25864445622585,20.965377871269315,52.968708638075796,0.32263800501823425,-0.493745893239975,0.8075392842292786
42.265696738245055,39.88334330047995,47.38114963672516,0.6062468886375427,0.5102484822273254,0.6100091338157654
17.20928272136719,30.292830565524003,47.3627578522046,0.7535080909729004,-0.041768793016672134,-0.6561104655265808
48.1431627099537,41.288079346486356,30.733910580479403,-0.7922977805137634,-0.5111327767372131,-0.3331778347492218
15.079433596594475,16.227301476062397,34.808587170209925,0.657843291759491,0.6538857221603394,-0.3737320303916931
20.190919682885326,30.678998882668143,53.48645716472981,-0.5230757594108582,0.05560704320669174,0.850470244884491
37.17946119353171,54.90736699665884,11.441756896831256,-0.23977245390415192,-0.9636240601539612,-0.11805872619152069
28.24346701093086,22.637316622131667,51.85613553041744,0.10269246995449066,0.501485288143158,-0.859049916267395
52.01317066056283,21.51479060348605,32.744902936548804,0.881236732006073,-0.31925252079963684,0.34856802225112915
22.83602901735627,24.914032145988966,54.18268724373748,-0.4284021854400635,-0.3052406311035156,0.8504703044891357
11.929865383900978,34.94850639518928,43.5196651369276,-0.823607325553894,0.2252974510192871,0.5204921364784241
56.46952787532055,27.328897374713524,5.346475363764445,-0.991736888885498,0.09676624089479446,-0.08422711491584778
35.65148753894575,1.199337810375846,8.202497777871788,0.17405475676059723,-0.97855544090271,0.11015509068965912
10.537901602345345,48.69072209284372,2.280831374226817,0.6891002058982849,-0.7229400873184204,-0.04998546466231346
28.12891586385331,19.41742071877238,52.85196080020015,-0.08591612428426743,-0.583522617816925,0.8075393438339233
10.145152370447782,11.367824134365035,1.9827590533955122,0.7083502411842346,0.7040890455245972,-0.04998539760708809
30.005370312316444,57.67608603405395,2.7755575615628914e-14,0.0,0.0,-1.0
15.61785449297338,13.013507377176541,36.92578727093537,-0.6011958122253418,-0.6993591785430908,0.3866010010242462
9.319590132236224,30.438439133734835,40.10218268399517,-0.8993522524833679,0.022809069603681564,0.43662938475608826
37.18558968198115,8.53610107859517,35.70784268520174,0.30506566166877747,-0.8703304529190063,0.38660043478012085
56.71108876328158,31.044829524346998,3.56141713812364,-0.9962839484214783,-0.07014104723930359,-0.04998563975095749
39.921066531235844,9.038082342220553,34.33135451902433,0.3802081048488617,-0.85670405626297,0.3485684394836426
34.699629539821245,10.544073669101847,35.230026466668726,-0.19960443675518036,0.9058048129081726,-0.3737320899963379
5.557712384863727,23.552534680169426,28.738322558066187,-0.9278982281684875,-0.20389948785305023,0.31213754415512085
43.079596898824704,36.08652541774774,44.83537567362138,-0.7321175336837769,-0.3141961097717285,-0.6043878793716431
2.8446166805661606,37.47218809611686,16.329758168417815,-0.9495153427124023,0.25973957777023315,0.17594300210475922
11.450780129635016,32.91570000007135,43.49270145387509,-0.8390651941299438,0.15829437971115112,0.5204925537109375
37.87165442036213,50.81358453937123,35.86027908207964,0.34879064559936523,0.8537478446960449,0.38660022616386414
13.078331730711685,52.418601537203884,15.94073088296425,-0.6030471324920654,0.7780605554580688,0.17594289779663086
10.687622477129016,17.08520315192155,34.615447607664386,-0.7510935068130493,-0.5351622700691223,0.3866003751754761
55.00333971689637,20.178120976388016,2.431198357384191,-0.9386796355247498,0.34114810824394226,-0.049985479563474655
45.34435862722429,34.64051172555451,47.04980424544715,0.7577348351478577,0.23178963363170624,0.6100093722343445
10.18162162921981,8.830041422172435,12.00138206432425,-0.7034717798233032,-0.6961692571640015,0.14309389889240265
36.1924644557965,5.834987394816872,19.06224356719194,-0.29098084568977356,0.9384322762489319,-0.18621227145195007
3.3877959392287127,42.25276012253956,8.155817352055315,-0.9042097926139832,0.41263842582702637,0.11015508323907852
39.44899370768698,43.06595305594337,46.89531454667134,0.4665202498435974,0.640505313873291,0.6100096702575684
32.80209376719128,46.298082122278004,41.565770358264594,-0.1375347375869751,-0.8517220616340637,-0.5056220889091492
5.166028441936807,23.161709533380996,15.097211682729178,0.949969470500946,0.2728870213031769,-0.15195618569850922
45.1551613705866,9.045232092481594,26.133185030710656,0.588655412197113,-0.7594929337501526,0.2768668830394745
5.199710302787442,37.966281968330186,25.741304802465372,-0.9034488797187805,0.3272993862628937,0.27686673402786255
50.311612091326005,46.60013648668244,8.499419983204763,-0.786461591720581,-0.6062511205673218,-0.11805848777294159
19.750124387073217,23.36355851241171,48.108070056290785,0.6086713075637817,0.3574935495853424,-0.7083202600479126
41.927460817425356,54.005944187788636,1.1586240785980433,-0.47461336851119995,-0.8787739276885986,-0.049985457211732864
36.27731650830806,2.997805523164857,18.752047683471314,0.24817100167274475,-0.9459001421928406,0.20900745689868927
12.102333436162398,53.75319961628867,0.811757863337677,-0.611921489238739,0.7895120978355408,0.0471455454826355
58.68389404101246,34.16897886357513,2.7755575615628914e-14,0.0,0.0,-1.0
4.333654620417745,31.716559140453008,14.999607594180878,0.9868721961975098,-0.054706182330846786,-0.151955708861351
44.74666863193456,4.854368364891162,9.470290244804094,0.4749743938446045,-0.8730779886245728,0.11015503853559494
4.978784603663655,26.41099175737458,28.643153864843942,-0.941296398639679,-0.1285725235939026,0.3121381103992462
43.02354337898404,13.948313506248821,33.350972324312934,-0.6112893223762512,0.6976027488708496,-0.37373214960098267
41.58613503669273,15.918309258769812,38.835238663257705,-0.5853953957557678,0.6680526733398438,-0.4593667685985565
52.50706890279498,24.263933235809862,25.094056152010626,-0.9326784610748291,0.25292807817459106,-0.2571735978126526
4.306540727993578,34.05735125244659,13.039674723917038,0.9788334369659424,-0.13709257543087006,-0.1519562155008316
54.84673004230243,25.401014661294052,15.891346432767493,-0.9664523005485535,0.17690356075763702,-0.186212420463562
16.374966274467393,49.841019498544235,22.10588475209356,0.5457276105880737,-0.8082481026649475,-0.2211703211069107
28.403469107813912,7.547584102924389,28.569747704168822,0.03289986401796341,0.9551047682762146,-0.2944358289241791
21.715450551072752,12.137118959491342,36.191543346464265,0.39831873774528503,0.8176578879356384,-0.4156654477119446
20.85864996410554,12.21653082528102,35.52266830482835,0.40620988607406616,0.8338571786880493,-0.37373220920562744
15.383570143950124,55.49181389161933,5.790785011946103,-0.476471483707428,0.8758298754692078,0.07679124176502228
35.85543858419014,21.48008667289784,49.712248099791694,-0.3856101632118225,0.5225101709365845,-0.7604524493217468
29.894807717619624,3.1268157821555573,6.167526496495931,0.03430338576436043,0.9958559274673462,-0.08422713726758957
41.09261973350815,3.036729955162075,9.551485452670411,0.40318068861961365,-0.9084663987159729,0.1101548969745636
43.72624062420166,42.802322247132885,37.18352242110461,-0.6713476181030273,-0.6136079430580139,-0.41566529870033264
59.11456616677774,33.87062105736648,4.289873027032018,0.9878742694854736,0.13493525981903076,0.076790951192379
40.649796866028126,11.895196123598751,32.58352518645311,-0.49442800879478455,0.8028285503387451,-0.3331775665283203
32.10947054856574,56.80203894657096,0.21889388557674172,-0.07615219801664352,-0.9958425164222717,-0.04998539760708809
11.306841395740499,43.694234870828865,25.8657917814751,0.7740727663040161,-0.5785093903541565,-0.2571735680103302
1.299789738822649,26.803757848445507,12.418757872008603,-0.9806037545204163,-0.13394220173358917,0.1430935561656952
20.730736984775316,26.96650174509433,53.570306565224605,-0.5030149817466736,-0.15387119352817535,0.850470244884491
47.71334282420729,49.236496454152,9.089328419722936,-0.6743444204330444,-0.7289182543754578,-0.11805831640958786
1.7797965594693945,25.299013406306372,14.299678659533626,-0.9806037545204163,-0.13394220173358917,0.1430935561656952
20.894300347735058,43.81036875566636,46.59605896689246,-0.4334530830383301,0.6633301377296448,0.610009491443634
15.862267344807853,6.804573733083884,2.914951772959541,0.5109962224960327,0.8581283688545227,-0.04998500645160675
49.08998385523332,47.76387256668112,9.71364205563954,-0.7329737544059753,-0.669934093952179,-0.11805833131074905
47.884888396705485,17.16269573439736,36.851587503993436,0.7667269110679626,-0.5125134587287903,0.3866003155708313
24.10117700954186,48.169894726552315,42.55422451992164,-0.29058510065078735,0.8290184736251831,0.47779566049575806
17.23117879196774,55.27475990674768,14.50916472485144,-0.470427930355072,0.8647205829620361,0.17594271898269653
20.452672015707876,50.21862310973042,28.175150534449365,0.3952047824859619,-0.8701266646385193,-0.29443633556365967
10.93839748025477,29.73027328753445,37.44566799757416,0.9091509580612183,0.02582554519176483,-0.4156651496887207
14.939963226487876,40.784985640479206,43.75379905487265,-0.6693925261497498,0.5300952792167664,0.520492672920227
6.056065917915477,30.69623634738461,23.42663448044104,0.9648839235305786,-0.0534869022667408,-0.2571733891963959
37.899846619422405,57.55775138188286,2.7755575615628914e-14,0.0,0.0,-1.0
51.70749968021119,28.1133375706752,29.76871292646282,-0.9384076595306396,0.09156325459480286,-0.33317747712135315
8.289303636943162,28.88964678591279,37.95808783571811,-0.898271381855011,-0.049632757902145386,0.4366293251514435
54.070117444375306,40.76049330681888,7.366722586094872,-0.9156832695007324,-0.39297568798065186,-0.08422746509313583
11.95059475677506,44.892231199430704,24.98843399654355,0.722950279712677,-0.6412522792816162,-0.2571737468242645
32.85680443289492,37.94193755935069,51.01652643918527,-0.188192680478096,-0.5536704063415527,-0.8111920952796936
15.994782695860987,56.16219996539515,1.3729764211175446,-0.47735175490379333,0.8774466514587402,0.04714502766728401
6.054626537706641,17.017600713501757,1.7215393042477305,0.8611956834793091,0.5058097243309021,-0.04998563230037689
10.622353733341463,43.34776759550199,24.584910580725836,0.7740727663040161,-0.5785093903541565,-0.2571735680103302
37.10414564603165,3.858197838488185,21.664146428960898,0.24817070364952087,-0.9459001421928406,0.2090076208114624
8.615859472762244,23.89660270882999,36.914425422712306,-0.8819084763526917,-0.26977360248565674,0.386600136756897
8.208333054009229,42.364952304426225,18.13411324993308,0.8334619998931885,-0.5202556848526001,-0.18621249496936798
18.302328146002747,52.09769384212518,17.703412803061273,0.4797333776950836,-0.8574268817901611,-0.186212420463562
31.805813062065305,13.054455380038076,41.29251864142994,-0.11451023072004318,0.8551220297813416,-0.505622148513794
13.323326275764455,23.32296485294975,44.91985789054575,-0.7672587633132935,-0.30415236949920654,0.564628541469574
40.456791036365814,3.206305134545835,12.642472073953591,0.40147456526756287,-0.9046226739883423,0.14309419691562653
18.723867603436183,57.4528777366101,1.1451494556372848,-0.4051969647407532,0.9130129814147949,0.047145865857601166
12.670624361515461,50.34078291481874,22.651959976999176,-0.5943082571029663,0.7667855024337769,0.24256475269794464
55.77209948467714,32.491313746378715,11.7395182188818,-0.9859468340873718,-0.06941324472427368,-0.15195615589618683
25.14498021924118,56.1780727354419,5.288117825021782,0.1734955757856369,-0.9812263250350952,-0.08422687649726868
2.65132137956667,27.015700213692586,20.062291420044865,-0.968917191028595,-0.13234631717205048,0.2090069055557251
7.026505440861652,12.44632895653647,12.54366947540799,-0.806035578250885,-0.5743089914321899,0.1430937498807907
15.103461425443395,45.932431104772235,37.38532646178237,-0.6144720315933228,0.6730896234512329,0.411551296710968
32.233114696963895,3.469545175384957,8.589035489664234,-0.048977892845869064,0.9917980432510376,-0.11805851012468338
50.20163857369767,49.579226427004464,14.517158959250704,0.699698805809021,0.6924344897270203,0.1759432554244995
43.91979262170808,6.8863734249014605,3.043166924027966,-0.5237335562705994,0.8504143953323364,-0.049985308200120926
51.09002754456493,31.253735688282298,31.5613407214931,-0.9405360817909241,-0.0662165954709053,-0.3331775367259979
27.10881329954178,56.07946463397431,9.098595371960322,0.09046700596809387,-0.9888770580291748,-0.11805877089500427
7.433699466275812,25.710101945238478,27.10372823500975,0.9373824596405029,0.18606850504875183,-0.2944360375404358
28.485621294514964,57.35856749604013,2.7755575615628914e-14,0.0,0.0,-1.0
23.034933079762503,4.7337539602752114,25.55652074212915,-0.2160147726535797,-0.9363130927085876,0.2768670320510864
18.945203322617242,52.36539853164554,17.92565028505551,0.4063030481338501,-0.8945629000663757,-0.18621239066123962
4.830667123235775,32.14854160882498,28.58587623631951,-0.9447137117385864,0.10042983293533325,0.3121374845504761
12.496392540533815,9.060181892835201,0.4865945214675458,0.6469489336013794,0.7608932256698608,-0.049985621124506
27.326889219613726,57.3024691908772,18.778431277661472,-0.09322468936443329,0.9734604358673096,0.2090071588754654
39.335750245076454,55.08439126929244,2.1671386427672146,-0.3214143216609955,-0.9456184506416321,-0.0499856173992157
33.90576874747723,12.647612540685063,39.905039660358824,-0.19114884734153748,0.8674354553222656,-0.4593668282032013
48.656924947557044,29.123408101793977,43.15754774954082,0.8535918593406677,-0.021648207679390907,0.5204923152923584
18.69079124242643,53.20572626553279,25.898327354043012,-0.3897915184497833,0.8782978653907776,0.27686724066734314
22.51190000805314,4.588471486854047,9.983604056234427,0.2799150347709656,0.9527379870414734,-0.11805886030197144
47.72275021154253,33.0400702340632,38.910052331449876,-0.8777259588241577,-0.13630521297454834,-0.4593670070171356
2.2541416256220552,20.33402497591283,8.74215855123678,-0.9504408240318298,-0.2907371520996094,0.11015529185533524
51.246686344726,15.25720944284156,12.778581590050997,-0.8157963156700134,0.5580193996429443,-0.15195614099502563
56.23604688411917,19.18297110515095,13.978235328056792,0.9305275082588196,-0.3371093273162842,0.14309388399124146
12.61184188592934,51.92809942630228,2.7755575615628914e-14,0.0,0.0,-1.0
35.67142793894145,13.02803089096932,39.67070516359575,-0.26306354999542236,0.8483983874320984,-0.45936667919158936
27.039747474257915,55.144776973394066,15.583872661309345,0.08951187133789062,-0.9784234762191772,-0.1862126588821411
23.189538746725386,19.878508681683133,51.718603369844544,-0.3376806676387787,-0.5520656108856201,0.7623616456985474
37.01592840139298,49.28033387156078,39.686412036533355,0.34024181962013245,0.8328206539154053,0.4366294741630554
30.08909923015092,30.958358174550114,53.903908784696476,-0.01300900336354971,-0.05228159949183464,-0.9985476732254028
13.101078908806304,48.577931414326166,28.5263198414602,-0.6405308842658997,0.7016340494155884,0.31213754415512085
24.98497652867704,6.258846000075564,31.75030942839709,-0.2107035219669342,-0.9132930040359497,0.3485684096813202
50.93310135203301,14.008966829906193,24.0819658173847,0.7605418562889099,-0.6022776365280151,0.24256493151187897
27.21631386824232,56.71218384656732,1.3906258532466635,0.0909905657172203,-0.9945964813232422,-0.049985576421022415
8.811730069259928,28.417180334100216,38.97916343955417,-0.898271381855011,-0.049632757902145386,0.4366293251514435
22.61029804786475,58.554477111122175,3.5789834972600736,-0.25302591919898987,0.9644070267677307,0.07679150998592377
49.680770098687695,37.790806974329286,31.352984417828672,-0.8664435744285583,-0.3718443214893341,-0.3331775963306427
36.87656795022626,11.363719761630538,35.5305025048485,-0.3478691279888153,0.859832227230072,-0.3737320005893707
31.86110795181077,4.100365315298107,26.166191219535843,0.09160354733467102,-0.9565320611000061,0.27686676383018494
46.849522855302645,22.96891252913004,43.977158958753314,0.8028078675270081,-0.29083943367004395,0.5204920768737793
53.758683049931996,35.11931990857555,30.41267170207786,0.9278984665870667,0.20389848947525024,0.3121376037597656
41.09163119092032,44.70646780759582,37.95549559516739,-0.5596151351928711,-0.7169749736785889,-0.41566553711891174
11.021096545603449,40.871299190629166,30.157615195299705,0.7998307347297668,-0.49926280975341797,-0.3331778049468994
58.70349233616636,25.158779882484144,7.935110644841725,0.9766858816146851,-0.18425671756267548,0.11015509068965912
18.832357156887376,5.06444674023442,21.11014096883011,-0.36984381079673767,-0.9052798748016357,0.20900700986385345
30.942875734241504,12.220854226267669,45.078124199602044,0.07867967337369919,-0.821586549282074,0.5646282434463501
35.016255597849096,33.04447703018604,52.53391436562156,-0.3622261583805084,-0.23368209600448608,-0.9023219347000122
7.134793893168428,24.382014061836973,33.69015675259834,-0.915442168712616,-0.20116132497787476,0.34856823086738586
7.87056437276693,47.039434422712056,17.151855518223073,-0.7717251777648926,0.6111335754394531,0.1759430468082428
15.283970461753649,49.423958680940146,30.739620583135736,-0.5819960236549377,0.7508999705314636,0.3121376037597656
7.409336545198685,42.138478684838645,14.967411498652401,0.8793017268180847,-0.45137330889701843,-0.1519560068845749
12.238687805545306,49.060995202981886,25.277610673295918,-0.6478603482246399,0.7096630334854126,0.2768670320510864
40.31422592598898,20.15338522177819,49.451301673578556,0.5518778562545776,-0.514477014541626,0.6563110947608948
42.739264855800066,53.370571262267745,4.277704853089172,-0.4735187888145447,-0.8767472505569458,-0.08422725647687912
22.54619573677289,3.8543761151812124,21.68751376666991,-0.2957998216152191,-0.9321042895317078,0.2090071737766266
45.93605655318434,14.139795844104635,28.03221590922992,-0.6877667903900146,0.6635391116142273,-0.29443615674972534
2.1177082012846062,24.97583002625401,15.942618054084416,-0.9753437638282776,-0.1332237273454666,0.17594316601753235
22.17041764979796,24.070686065408918,53.544717259157686,-0.4284020662307739,-0.30524101853370667,0.8504701852798462
24.83653179643393,3.506078649569094,4.918829138571633,0.19990120828151703,0.9761891961097717,-0.08422686904668808
56.61305368975063,27.009388756303352,21.824032329800357,0.9646993279457092,-0.10255470871925354,0.24256491661071777
36.8084654360997,10.456341732344907,39.954246374347626,0.29758790135383606,-0.8489971160888672,0.4366295337677002
38.041160332259814,4.586995617294859,7.788444363494943,-0.29408952593803406,0.9484585523605347,-0.11805830895900726
37.06269847119403,48.87219617939661,40.42138816571236,0.33223527669906616,0.8132227063179016,0.47779548168182373
47.83773346440855,9.90978069492361,22.133259303248945,0.6540815830230713,-0.7164772152900696,0.24256491661071777
50.26136528161461,12.782882513127861,7.102378424910707,-0.7724892497062683,0.6294173002243042,-0.08422724157571793
19.58633981562206,8.171752579239651,22.780589082991952,0.423214852809906,0.8687639832496643,-0.25717368721961975
23.927591030102505,36.51936277779487,53.954034376141344,-0.3546537160873413,0.38848575949668884,0.8504701852798462
40.78771783173634,10.561454843170958,29.10911491899951,-0.5011439323425293,0.8137334585189819,-0.29443609714508057
58.52529336448071,37.31198065464263,3.376341903554986,0.9738132953643799,0.21398793160915375,0.07679112255573273
30.309169699608173,43.82277308698178,49.75726148034418,0.046618927270174026,0.7092829942703247,0.7033805847167969
49.76236909677621,39.55842089761677,36.54447683488996,0.8272131681442261,0.40774795413017273,0.3866005539894104
52.82483242530922,15.519465524639413,0.31217091758788884,-0.8686414957046509,0.4929131865501404,-0.04998534545302391
39.62539873573548,55.16542204488177,20.78172505981402,0.3698430061340332,0.9052801728248596,0.20900700986385345
51.20778510228565,27.68375667736862,31.058124366442286,-0.9384076595306396,0.09156325459480286,-0.33317747712135315
16.642178521950964,3.821635379046028,8.62056414212803,-0.4487132132053375,-0.8868609070777893,0.11015520989894867
26.465947895059372,55.8358271987097,24.715988914753158,-0.09248270094394684,0.9657168984413147,0.2425650805234909
36.75499527505758,3.2882185090246066,2.7755575615628914e-14,0.0,-0.0,-1.0
46.99042890776937,51.79146176744992,17.407787237866383,0.579563319683075,0.7957075238227844,0.1759428232908249
17.438066514786772,44.909448183949586,36.06958481539398,0.5702431797981262,-0.7085513472557068,-0.4156653881072998
18.141367658963066,47.543294254667565,31.803639438387073,0.5276134610176086,-0.781419575214386,-0.3331778645515442
34.06089668956362,49.6849588302312,34.22479183189429,-0.22396469116210938,-0.9000910520553589,-0.37373238801956177
32.640521338035136,57.61272583040323,17.11351633434471,0.0645628347992897,0.982280969619751,0.1759425848722458
9.757095375818306,44.74375653512284,17.989025208511038,0.787004828453064,-0.5881736278533936,-0.18621264398097992
37.135946888431675,4.648710523376985,10.539189136403161,-0.2940896451473236,0.9484584927558899,-0.11805836856365204
49.54613333570791,44.90398905513991,29.50627301579681,0.773725688457489,0.5512881278991699,0.31213775277137756
8.81763080535239,19.842241655481594,25.38010725767146,0.8713017702102661,0.417965292930603,-0.2571735084056854
37.40227864345079,55.544057455102866,5.037409866051723,-0.3206723630428314,-0.9434378147125244,-0.08422794938087463
22.060962965957525,51.818177873212576,33.7363685213941,-0.3100395202636719,0.8845201134681702,0.34856805205345154
17.268057277361272,16.011576746741152,37.93101956870473,0.5891482830047607,0.6929115653038025,-0.4156655967235565
47.752053669896554,6.263455840376303,3.702570499705421,0.6107940077781677,-0.7880569696426392,0.07679124176502228
9.758280649884993,46.04655451246052,26.180020667865612,-0.7533087134361267,0.5965489149093628,0.2768670916557312
8.320039833457766,18.757691195758273,21.794116660038846,0.8792991638183594,0.42180174589157104,-0.22117018699645996
29.350925918796115,52.3822944435216,35.64344189212753,-0.01375930942595005,0.9221446514129639,0.38660040497779846
6.286281743879781,33.834921518954296,32.23258727071358,-0.921036422252655,0.17375850677490234,0.34856829047203064
25.656863329128672,0.6932201220646419,5.923049095947091,-0.14523611962795258,-0.986412525177002,0.07679086923599243
10.647862168481915,49.98260314524766,17.616639409556495,-0.6636988520622253,0.7270129323005676,0.17594322562217712
4.117725016953668,25.126006725572214,11.201408181861732,0.9740036129951477,0.19333699345588684,-0.11805850267410278
22.084321839420433,10.18934032319398,38.88171237010765,-0.3402414321899414,-0.8328207731246948,0.4366295635700226
12.174742661868798,52.97307890176738,9.113466982472277,-0.6088752150535583,0.7855805158615112,0.11015541851520538
31.025103526481914,41.40547440448357,48.443005780970125,-0.053822893649339676,-0.7038365602493286,-0.7083199620246887
49.376897868488115,51.04618592086302,11.373984119120474,0.6451721787452698,0.7505177855491638,0.14309406280517578
43.97956248400725,15.795372544131105,35.11913665042957,-0.6675193905830383,0.6440048813819885,-0.3737318813800812
30.650055119288627,55.09554621770648,28.051298171003644,0.06302155554294586,0.9588396549224854,0.27686598896980286
41.49167208305343,43.85885807331358,38.79291531516459,-0.5465273857116699,-0.7002070546150208,-0.4593668282032013
33.063589844376935,53.71216688128752,22.205038757738595,-0.15546496212482452,-0.9627639651298523,-0.22116997838020325
50.27158492256819,37.290758859007944,30.304627869041685,-0.8945199251174927,-0.2980382442474365,-0.3331775963306427
43.99752248987563,49.033741841084755,23.172520237594878,-0.5945928692817688,-0.7617880702018738,-0.2571735680103302
44.50272429055813,54.981774790677264,9.082459425807428,0.5186204314231873,0.8478789329528809,0.11015529930591583
6.602729691549856,48.335444282928975,2.3098994919314393,-0.7830830812454224,0.6201275587081909,0.04714510217308998
18.447726024823975,40.873317077778516,43.03682017916654,0.5744087100028992,-0.6026164889335632,-0.5539928078651428
45.25753603616094,47.79821906296504,32.764245847437536,0.6109974384307861,0.7107617855072021,0.3485681414604187
19.1094608907684,39.74220229363581,49.06779713140522,-0.5518776774406433,0.514477014541626,0.6563112139701843
22.951059351883462,10.46767866178972,33.596073644640164,0.33501049876213074,0.864923357963562,-0.3737318813800812
15.679112080533871,34.23099437215949,48.825597763853416,-0.7277530431747437,0.199076309800148,0.65631103515625
9.421369416476253,15.630524000767668,29.325568584819727,-0.7737259268760681,-0.551287829875946,0.3121376037597656
39.00824049117289,10.817540910096358,32.12066442408468,-0.42551472783088684,0.8413856625556946,-0.3331776559352875
13.375938245073034,8.428581049261117,1.9261196518400066,0.5810105800628662,0.812359631061554,-0.049985527992248535
27.06734577193378,38.34860709818238,53.93391784697867,-0.174000546336174,0.49641114473342896,0.8504703044891357
39.39700098070167,18.150892426215563,48.5029545025005,0.4622032642364502,-0.596342146396637,0.65631103515625
36.536882639694646,4.225958643943599,8.585960938966736,-0.21369275450706482,0.9697410464286804,-0.11805830150842667
30.13174064078254,3.1933176975541873,6.949121072164668,-0.049147725105285645,0.9952337741851807,-0.08422714471817017
23.523141211534323,53.789048039312654,19.191533776951335,0.24956625699996948,-0.9427621960639954,-0.22117000818252563
40.164259994258565,14.113384058789562,43.20309391327636,0.46707895398139954,-0.7147901654243469,0.5204923152923584
18.642506527271642,55.75492164786705,15.280294938128572,-0.39932170510292053,0.8997701406478882,0.17594271898269653
28.371115691394824,49.202682655730904,42.14834204935643,-0.08374443650245667,0.8744704127311707,0.4777953326702118
7.836753347966138,25.74648464610997,36.114710017274774,-0.9007564187049866,-0.19793443381786346,0.38660040497779846
56.88371764470874,37.34873375054874,16.20529756882435,0.9413427114486694,0.28795477747917175,0.17594312131404877
24.969589898704186,42.89862191896836,45.75874794984491,0.2676071524620056,-0.7504008412361145,-0.6043881177902222
2.9577259439598413,42.714007706491934,0.22009938685487418,-0.9087343811988831,0.4147036671638489,0.047145694494247437
29.07387198849717,51.80092372638852,37.020304923878456,-0.013759785331785679,0.9221447706222534,0.386600136756897
51.988018921843725,23.19765133188771,25.927787903776895,-0.9326784610748291,0.25292807817459106,-0.2571735978126526
28.329830523576394,55.34700854066674,15.103714862316705,0.09004736691713333,-0.9842767715454102,-0.15195627510547638
5.362671686382706,41.55068088056829,20.928243922912998,-0.889653205871582,0.40599629282951355,0.20900756120681763
31.699980206079026,7.025969050526963,26.784234859351212,-0.04713694006204605,0.9545080065727234,-0.2944360673427582
8.225139192473824,45.078841714764884,8.700163014725533,0.7954134345054626,-0.5944575667381287,-0.11805817484855652
15.967717381763691,55.7610208238455,6.3448882654649115,-0.476471483707428,0.8758298754692078,0.07679124176502228
25.851167344292126,41.74932396490156,51.187950631247034,-0.22491726279258728,0.6416748762130737,0.7332568168640137
50.57663083231784,26.91551734578538,32.62234222506277,-0.9274548292160034,0.16976535320281982,-0.33317747712135315
11.869262247356653,22.63228360831976,42.28094749309409,-0.8166455030441284,-0.3237302005290985,0.47779589891433716
20.022800976708172,14.453801115938349,38.79765799754715,0.45445871353149414,0.7631837129592896,-0.4593668580055237
45.35462177126253,48.419349083666624,21.703950964490147,-0.6000503301620483,-0.7687804102897644,-0.22117017209529877
46.94956118232511,16.947686756872514,31.271198494143736,-0.7309494018554688,0.595571756362915,-0.3331775367259979
49.6462552493842,23.51970070948019,39.566823633604955,0.8458452224731445,-0.30643177032470703,0.43662962317466736
36.7948562209295,52.1013851385885,33.698965480328454,0.28351056575775146,0.8933767080307007,0.3485682010650635
25.898241932580824,58.67045898718836,9.33498999303111,-0.09474901109933853,0.9893878698348999,0.11015543341636658
13.46052139250983,10.08337858739978,26.722616622219707,-0.6263976097106934,-0.7286773920059204,0.2768667936325073
23.858348715665684,22.904631085558098,50.6614783152227,0.3787965178489685,0.4455118477344513,-0.811191976070404
32.47666563092659,6.2340798273481335,32.60149613119285,0.0893501415848732,-0.9330148100852966,0.3485684096813202
16.90102131555211,56.530170169155426,3.147259971099276,-0.4044502377510071,0.9113304018974304,0.07679123431444168
27.22843317059995,59.00007918629312,7.518575607210045,-0.09474901109933853,0.9893878698348999,0.11015543341636658
50.529870038924244,43.39322277576794,19.318914419213137,-0.8194997310638428,-0.5286811590194702,-0.22117049992084503
17.21436335314969,49.645422725130864,33.282062441227055,-0.5127097964286804,0.7846203446388245,0.3485679626464844
57.81157454986533,23.994384562318295,13.116461432983174,0.9725534319877625,-0.18347737193107605,0.14309415221214294
30.15780832211995,54.21302341778702,30.810327773178372,-0.014174985699355602,0.9499309659004211,0.31213808059692383
49.76816780235453,28.035432705446954,34.896205885835194,-0.9231528639793396,0.0900738462805748,-0.37373191118240356
51.58746954682048,39.28465974336082,23.671044430748708,-0.88804030418396,-0.38111186027526855,-0.25717341899871826
41.41491384650707,48.37861443142492,29.98603248455652,-0.5159042477607727,-0.7891992926597595,-0.3331775665283203
6.232197371878915,46.38013292746343,11.467187374669896,-0.8228124380111694,0.5500033497810364,0.1430942416191101
24.87974928791955,30.18492843295833,53.02407208816181,0.3429543077945709,-0.019011275842785835,-0.9391596913337708
4.961009997315095,43.087961794673134,15.594568411822213,-0.8597641587257385,0.4794263541698456,0.17594294250011444
53.80522158481142,46.531142770402774,8.13733980328874,0.8094602823257446,0.5767494440078735,0.11015502363443375
51.28752712153589,13.957923999617986,6.3428302187270935,-0.8224480748176575,0.5625699162483215,-0.08422724157571793
1.7529795863287745,21.64613127120357,7.881130642363454,-0.9504408240318298,-0.2907371520996094,0.11015529185533524
45.8359986958048,9.57097311791569,13.421614924156144,-0.5869045853614807,0.795268714427948,-0.15195618569850922
14.318540304913423,40.010005175887024,43.62430692088188,-0.7098773121833801,0.4745124578475952,0.5204922556877136
12.026717838460149,44.931861012791835,25.103610983158397,0.722950279712677,-0.6412522792816162,-0.2571737468242645
54.71364181495976,32.29742389552642,28.94434919804287,0.9412964582443237,0.12857341766357422,0.31213757395744324
40.70904708722668,55.630195777667744,16.60531777000701,0.37229713797569275,0.9112842082977295,0.17594298720359802
46.34012909753575,22.133911382890037,44.17978406563751,0.7768016457557678,-0.35449570417404175,0.5204920768737793
18.884924531537223,9.6127551697853,26.45147660091848,0.4889557659626007,0.8211149573326111,-0.29443591833114624
4.240416946394083,39.78646967603607,19.40407790976542,-0.9194378852844238,0.3330916464328766,0.2090069204568863
28.880403135721046,51.684878560914925,37.28654489023316,-0.013597742654383183,0.9112851023674011,0.4115513861179352
32.79370490367322,0.9802290479013366,10.067430547876722,0.0947490781545639,-0.9893878698348999,0.110155388712883
35.81393231100153,39.02686375893516,49.10175657472122,-0.3862406015396118,-0.5908477306365967,-0.7083199620246887
35.92911601071977,5.001620684990332,27.00917205365037,0.2438550740480423,-0.929451048374176,0.27686721086502075
52.71056950208296,14.728702038658733,2.7755575615628914e-14,-0.0,0.0,-1.0
8.911563407101141,16.88876313780103,30.134844283504147,-0.81557697057724,-0.48724162578582764,0.3121374547481537
49.15961695837764,17.51126175342714,34.78556938940037,0.7667266726493835,-0.5125136375427246,0.3866004943847656
33.44342302480709,0.4927832340308106,4.443567407542314,0.09504778683185577,-0.9925064444541931,0.07679091393947601
5.2875110035175945,21.15275381088251,25.446881452355278,-0.8932810425758362,-0.35410958528518677,0.2768670618534088
36.08425661108842,4.978837073545704,26.796044247903808,0.2438550740480423,-0.929451048374176,0.27686721086502075
59.516172934102684,30.60117814831243,2.6357650808266353,0.997366726398468,0.05510812625288963,0.047145016491413116
34.90413549312953,18.739897750022415,51.515027221711755,0.2625162601470947,-0.5915148854255676,0.7623617053031921
11.38333936116905,14.101144070918401,21.53596032145235,0.7467760443687439,0.6272233724594116,-0.2211705446243286
43.95383425770168,43.49072351127361,41.736436489170416,0.6244054436683655,0.6179234385490417,0.47779539227485657
52.167014815151695,10.666165963709085,6.270401280822385,0.781639814376831,-0.6189848780632019,0.07679121196269989
27.10075699591101,19.433028858889077,52.70942481417697,-0.13259156048297882,-0.5747170448303223,0.8075393438339233
16.180118890494786,34.33097369928957,49.33600049595675,-0.709373950958252,0.25699126720428467,0.6563109755516052
42.50867819098614,49.359408629782585,33.85844170858977,0.48907023668289185,0.7995690703392029,0.3485679030418396
52.66335425567471,38.315484019445364,21.091674868966198,-0.9252312183380127,-0.3082704544067383,-0.22117066383361816
30.60276755417716,52.2581896444351,28.24057076285697,0.0071252151392400265,-0.9556445479393005,-0.2944362461566925
5.354928055446436,37.68458268689569,14.073530361191487,0.942263126373291,-0.29841145873069763,-0.1519564837217331
17.339149269662574,44.966492096348354,35.83664401589531,0.5702431797981262,-0.7085513472557068,-0.4156653881072998
20.437607659736127,54.74082388415106,6.977352748449027,0.3347036838531494,-0.938551664352417,-0.08422723412513733
17.499121064410367,40.35611769079188,47.10153436656812,-0.6212018132209778,0.4919320344924927,0.6100091934204102
50.61148725067585,24.552156654009824,38.213452104724716,0.8677604794502258,-0.23737458884716034,0.4366292357444763
54.60434402488785,17.21125901987604,17.80329781031871,0.8597645163536072,-0.4794257581233978,0.17594300210475922
18.819568415119555,51.774423534015014,30.313072296884975,-0.45400652289390564,0.8345348238945007,0.312137246131897
18.301324621696562,34.10423217378228,51.429916121637405,-0.608453631401062,0.22042933106422424,0.7623615264892578
11.348161210254927,12.93553682700507,17.922540278824563,0.6968318223953247,0.6926401257514954,-0.1862122267484665
12.450183874636439,47.01242080630024,20.715828729697073,0.672875702381134,-0.7059192657470703,-0.22117027640342712
9.400110426498246,11.273881922853034,18.797987004400575,-0.7481852173805237,-0.6297100782394409,0.20900745689868927
53.0090358701233,38.654191919178714,29.520295640907534,0.8831747174263,0.3501032590866089,0.31213805079460144
13.863382983826156,50.15048151719541,13.18925598863826,0.6196922659873962,-0.7699940204620361,-0.15195629000663757
39.47005630796537,43.46111089524455,41.64638225477585,-0.4720706641674042,-0.7221465706825256,-0.5056220293045044
55.72072512215957,29.551883148067155,25.88347798082132,0.960599422454834,-0.024362077936530113,0.2768669128417969
30.038538595502164,3.5575793137542555,24.45022699838349,0.014474203810095787,-0.9700272083282471,0.242564857006073
25.075669893388437,56.421674927196676,1.2930612367408152,0.17389635741710663,-0.9834945201873779,-0.0499853752553463
23.68186306821443,5.626831858405777,18.25768655314443,0.27695590257644653,0.9426666498184204,-0.18621240556240082
17.712484704488727,12.775093357422277,32.64726018760194,0.5484994649887085,0.7669035196304321,-0.3331776261329651
29.244341266446956,58.18532967278221,14.574758305444945,-0.014687267132103443,0.9842908382415771,0.17594259977340698
45.57932286386672,49.737819372017036,16.008439730740022,-0.6045267581939697,-0.7745142579078674,-0.18621224164962769
30.276929631636516,9.128598262422232,39.71784377238913,0.013423127122223377,-0.8995413184165955,0.43662935495376587
36.30742108740701,47.80662249850109,42.73965432701368,0.25827762484550476,0.8138675689697266,0.5204923152923584
53.08127138988947,24.56348048351771,32.380824366796475,0.9210366606712341,-0.17375797033309937,0.3485679626464844
8.794606037183257,43.274595568355934,29.02831954424201,-0.7898300886154175,0.527957022190094,0.31213751435279846
27.120258212559744,52.13177972739103,35.877970759581665,-0.08791783452033997,0.9180472493171692,0.38660022616386414
29.68864519655431,7.784946356993805,29.483318532439267,0.03289991244673729,0.9551047682762146,-0.2944357991218567
40.355167484171645,2.05257841450003,2.349966509431114,0.3304170072078705,-0.9426568150520325,0.04714522138237953
48.91614618040945,44.47222303498029,31.80136474755747,0.7633395195007324,0.5438870787620544,0.34856802225112915
3.2436852335468025,27.675480713657844,6.459209823012231,0.9901837706565857,0.11154273897409439,-0.08422749489545822
51.28919689664116,21.066991381648606,25.776146572848766,-0.9082427024841309,0.3300863802433014,-0.25717347860336304
27.317954720698324,1.4240612236054635,13.579465542540275,-0.06491142511367798,-0.9875781536102295,0.14309406280517578
0.044913644065641134,30.931767047523454,0.05060725135142974,-0.9985669851303101,0.025325536727905273,0.04714500904083252
52.163380488933065,25.969163185020687,27.455334125135888,-0.9400525689125061,0.17207151651382446,-0.29443609714508057
52.4582496559411,47.014113023105104,14.351447827168613,0.8060356378555298,0.5743086934089661,0.14309445023536682
34.34835984327121,59.18298516047951,2.328858390675053,0.1455048769712448,0.9882336258888245,0.04714510217308998
27.304080838159976,31.619576515251204,53.59870747466741,0.20062020421028137,-0.14993447065353394,-0.9681276679039001
18.609885327169188,52.29342381099268,28.62047847434281,-0.4540061950683594,0.8345349431037903,0.3121374249458313
30.783505741980193,3.2329222772166943,7.036778628741772,-0.04914748668670654,0.9952338337898254,-0.08422700315713882
7.94110000273313,17.910637668506656,18.48945626723579,0.8471922874450684,0.49758437275886536,-0.18621231615543365
57.928927072047486,24.616127955370988,13.116073933673693,0.9725534319877625,-0.18347737193107605,0.14309415221214294
8.691371989669175,44.33562037624644,26.761903209571674,-0.7988681197166443,0.533998429775238,0.2768670916557312
12.125165910836428,9.153677196815432,20.476255277085638,-0.6374837160110474,-0.7415729761123657,0.20900730788707733
48.64015241199303,46.52313041413404,17.26026702535346,-0.725225031375885,-0.6628526449203491,-0.18621237576007843
5.366717729001022,20.6154194260503,24.990057619059435,-0.9018583297729492,-0.35751041769981384,0.2425650805234909
7.66387378005169,15.08804377109341,7.048053051417377,0.8139692544937134,0.5747693777084351,-0.0842270627617836
4.516134028970692,43.98189086129032,10.069987905284282,-0.8680739402770996,0.4840594232082367,0.11015503108501434
27.470874407579906,4.035638324310601,12.84620981214406,0.11656342446804047,0.981489896774292,-0.15195591747760773
10.745573519178746,19.620761611871576,37.801720130915825,-0.8174717426300049,-0.40294554829597473,0.41155168414115906
24.42369195610611,47.41695968482468,38.5003815021897,0.22730615735054016,-0.8586699962615967,-0.45936667919158936
10.918701737646026,14.799751390849226,21.948322628451848,0.7467768788337708,0.6272225379943848,-0.22116993367671967
37.92740357276448,33.07127604137707,54.07718173911101,0.48900237679481506,0.19384804368019104,0.850470244884491
0.9194423010070077,28.171437107163513,10.452925082126452,-0.9924006462097168,-0.0548342689871788,0.11015503108501434
17.778650514531346,43.773664792629475,43.83798042987215,-0.5756911635398865,0.6306086182594299,0.5204925537109375
40.95192205669143,17.70823447341846,46.77787844732793,0.5342453718185425,-0.5852096080780029,0.6100095510482788
9.201449617399238,13.459893756801572,24.2438167195088,-0.7422337532043457,-0.6247008442878723,0.24256516993045807
24.41090346179272,7.831268512504465,27.529531880567212,0.1917209029197693,0.9362426996231079,-0.2944362163543701
48.342643616826585,13.76141924544004,20.39491114330742,-0.7560451626777649,0.6160189509391785,-0.2211703658103943
11.792264587456451,22.964294654902332,42.374297125101016,-0.8166455030441284,-0.3237302005290985,0.47779589891433716
46.865050988891966,27.672572719224508,40.8268966459415,-0.858677327632904,0.08378340303897858,-0.5056220293045044
45.29011987639407,51.50555421890774,7.1776384096933095,-0.545222282409668,-0.83404940366745,-0.08422735333442688
47.18380641505296,21.771889798406587,36.90958687072833,-0.8258201479911804,0.38110801577568054,-0.4156653881072998
1.75247932257118,33.78948212986469,14.687979576209253,-0.9788844585418701,0.10406257957220078,0.17594358325004578
6.107309016893091,42.589862219345015,2.8997142256491553,0.8885206580162048,-0.4561057984828949,-0.04998546838760376
48.676661752480044,50.49842482168984,16.825403796166466,0.6417120099067688,0.7464916110038757,0.1759432554244995
4.464173131894946,34.60447196583072,26.148607562015282,-0.9442520141601562,0.17813774943351746,0.27686649560928345
47.35581279340827,14.690919567697987,34.21273216630582,0.685583233833313,-0.6391211748123169,0.3485681712627411
28.862330440383516,59.388985126969,4.182176679739594,-0.014875287190079689,0.9969362020492554,0.07679145783185959
39.256553028683314,47.582372881787684,40.912779861685536,0.3965945541858673,0.7838522791862488,0.477795273065567
52.22561917701026,34.491688175893685,26.80772909587842,-0.9287686944007874,-0.2251581996679306,-0.29443588852882385
28.147483849196217,42.29597551412118,47.43207798698467,0.13139794766902924,-0.7431378960609436,-0.6561102271080017
51.51894519739516,15.10848390584004,24.69550441016498,0.8065394163131714,-0.5391255617141724,0.24256494641304016
34.748992487422555,55.52114148488499,24.992069584655898,0.2180890589952469,0.9453040957450867,0.2425641566514969
49.976007224902716,23.35544459065816,38.81274566595568,0.8458452224731445,-0.30643177032470703,0.43662962317466736
26.110432021212155,13.566399693106037,41.650634091730936,0.1730806827545166,0.8452156186103821,-0.5056220293045044
43.048639652675504,16.937674469592373,38.34518739958294,-0.6392435431480408,0.6167251467704773,-0.45936673879623413
53.024664348544164,12.941983710572627,12.49049377503143,0.8228123188018799,-0.5500035285949707,0.14309437572956085
22.61685832481075,47.175816056851744,37.69145508486288,0.3761182725429535,-0.8281046152114868,-0.4156654179096222
58.73448982771128,33.84544060775909,8.452228722059488,0.9847704172134399,0.1345105916261673,0.1101551502943039
49.957696443436106,20.884559748613412,29.530727081664757,-0.8677266240119934,0.4004470705986023,-0.29443609714508057
27.30597034293419,5.551980092114555,20.810188926575876,0.11501272767782211,0.9684295654296875,-0.22117017209529877
23.13400878217909,1.6773111799201181,10.619325014697635,-0.2224894016981125,-0.9643767476081848,0.14309430122375488
49.0786863231443,48.30034511949474,6.385492436798633,-0.7355126738548279,-0.6722550392150879,-0.08422735333442688
25.861115693209214,56.56730877573788,1.160150261461406,0.17389635741710663,-0.9834945201873779,-0.0499853752553463
33.4986982789827,18.1766197104485,51.50141908984431,0.21406807005405426,-0.6107205152511597,0.7623617053031921
23.69651995153488,58.80518801272839,3.772141983363461,-0.1746036410331726,0.9816398024559021,0.0767911970615387
3.5801796869070013,20.905297030936566,18.17714463261217,-0.9351403713226318,-0.2860566973686218,0.2090073674917221
24.868311434814224,33.036424404573054,55.4445462245961,-0.31587210297584534,0.2111426740884781,0.9250100255012512
28.203706439776532,45.956293499182365,42.459266661696574,0.07860080897808075,-0.8591670989990234,-0.505622148513794
36.920635239847805,1.1234303220621957,4.210226649178541,0.25302639603614807,-0.9644069671630859,0.0767911821603775
22.935223656963252,45.35707078318041,41.12582265748598,0.3567805588245392,-0.785527765750885,-0.505622148513794
48.44571572778307,52.17598090037238,9.3691368730107,0.6479135751724243,0.7537067532539368,0.11015492677688599
31.87001210900653,1.04616366828824,11.245000830540908,0.09434819966554642,-0.9852017760276794,0.14309383928775787
24.50042391198326,44.646693121281146,43.18944948129675,0.279642790555954,-0.7841503024101257,-0.5539929866790771
48.13087637324503,24.517487395200934,37.08509919615335,-0.8778123259544373,0.2380494773387909,-0.4156656265258789
21.596969276283556,4.4177232897739565,5.959087760249407,0.2808848023414612,0.9560384750366211,-0.08422716706991196
20.470813311774958,6.839021954471107,18.97182724165549,0.3548657298088074,0.916185200214386,-0.18621237576007843
52.33867622419669,49.21059724150564,2.2773404646652726,0.7642316222190857,0.6432164311408997,0.047144774347543716
28.62636326114837,2.6322117976095165,2.7755575615628914e-14,-0.0,0.0,-1.0
9.830922960316334,28.95650527200117,41.05387520317382,-0.8771328926086426,-0.048464927822351456,0.4777959883213043
10.328699123388805,24.763144318972383,40.83755248501565,-0.8580002188682556,-0.18853981792926788,0.477795273065567
9.927488892872917,19.09318735611699,35.53828165141333,-0.8272134065628052,-0.40774762630462646,0.38660046458244324
17.2934463204127,38.71754476111982,48.19273790443032,-0.6587710976600647,0.44035103917121887,0.610009491443634
21.239945893872065,26.680681311990533,50.65850521047454,0.546568751335144,0.20791850984096527,-0.8111920356750488
23.555772104924188,54.92786931873853,13.019691573367668,0.25293225049972534,-0.9554762244224548,-0.15195539593696594
14.109742568190622,4.914056733012139,5.609123991802436,-0.5202550888061523,-0.850551426410675,0.0767911970615387
53.830395268573845,22.934901070617624,29.00223426599332,0.9163696765899658,-0.25067242980003357,0.3121376931667328
48.80320088894545,22.336665631096018,40.369001254196874,0.8259409666061401,-0.2992205023765564,0.4777955412864685
54.31295570699674,16.61720391344632,17.608461719121525,0.859764575958252,-0.4794256389141083,0.17594294250011444
36.734955785538844,44.503470661313486,42.45485676805275,-0.345028817653656,-0.7907602787017822,-0.5056217312812805
46.9527187638518,51.43144077717735,2.7755575615628914e-14,0.0,0.0,-1.0
49.04566452897597,7.942821373133011,9.0011697619416,0.6701136827468872,-0.7340391278266907,0.1101551428437233
11.259866080534323,51.37053387373012,14.146498988803634,-0.6672780513763428,0.7309337258338928,0.143094003200531
37.86781115812517,33.00274601575838,54.1270662814874,0.48900237679481506,0.19384804368019104,0.850470244884491
54.3163909521429,46.79099148841223,0.5084490827568198,0.813511073589325,0.5796353816986084,0.04714475944638252
3.2881243702888288,31.698410820130213,7.121222374580959,0.9949191212654114,-0.055152133107185364,-0.08422713726758957
21.951496713995517,48.71438736941262,33.818461045519854,0.3835700750350952,-0.8445107340812683,-0.3737320303916931
37.40403989060977,58.16418435072528,7.283375210585067,0.2234346866607666,0.9684744477272034,0.1101553663611412
34.769489666451065,23.415864630126503,51.41950387571571,-0.34724244475364685,0.4705212116241455,-0.8111920356750488
36.75397547267556,52.71123251682928,32.16918183679495,0.2835105359554291,0.8933767676353455,0.3485681712627411
43.02132123524846,42.444814882183906,44.12489354256572,0.6069166660308838,0.6006162166595459,0.5204923748970032
37.36248710865378,10.84410806440183,33.88275652123687,-0.3478688597679138,0.8598324060440063,-0.3737318217754364
19.504996201047327,14.223254298094618,43.37932718170926,-0.4455440044403076,-0.7284080386161804,0.5204923152923584
14.97826643076905,54.487249968902454,11.820260605700513,-0.5413877964019775,0.8285067081451416,0.14309395849704742
55.27921409322521,20.32348193035597,20.74439357723706,0.9194374680519104,-0.33309248089790344,0.20900744199752808
56.262849452593365,23.41158457403334,2.7755575615628914e-14,-0.0,0.0,-1.0
48.83264364550403,49.09434570711355,21.253479107927543,0.6950886249542236,0.6878718733787537,0.20900745689868927
29.508541138227283,13.825888515399754,42.79669688901137,0.028660446405410767,0.832027792930603,-0.5539931058883667
19.888561168188325,35.97595959856749,48.38697044832156,0.598807156085968,-0.3737812042236328,-0.7083202600479126
51.80093851215442,33.15990824912637,36.448845669015306,0.9137625694274902,0.12481281906366348,0.3866002559661865
48.75552605802715,8.696008791085317,2.7755575615628914e-14,0.0,0.0,-1.0
38.02970766594375,57.715460791312076,9.559271925375638,0.30063962936401367,0.9473550319671631,0.11015535891056061
57.810807971111586,38.06498099723033,8.599407567162574,0.9504407048225403,0.29073745012283325,0.11015520244836807
5.053555174363502,36.54156301151214,26.641591662110535,-0.9268559217453003,0.25354084372520447,0.2768666744232178
44.08761624662425,16.46794015353881,36.022572092777786,-0.6545515060424805,0.6314938068389893,-0.4156656265258789
9.218156284179415,42.93944933707089,20.723690476809207,0.8272913098335266,-0.51640385389328,-0.2211700677871704
25.65065328391323,3.1208608404296014,21.355778631863938,-0.14244882762432098,-0.9674835205078125,0.2090071141719818
19.155315629477027,8.614597615275333,32.5767508713839,-0.423146516084671,-0.8363296389579773,0.3485681712627411
48.588721322477504,9.963414548426384,20.020222790530653,0.659325897693634,-0.7222224473953247,0.2090073525905609
10.609572787099866,47.03185818577078,26.229700053311298,-0.7028637528419495,0.6552307605743408,0.27686676383018494
10.020088774924206,51.28339265423241,8.27795455255666,-0.6701135039329529,0.734039306640625,0.11015530675649643
57.2485492691424,30.93280290237845,19.47323617417071,0.9764247536659241,0.053951289504766464,0.20900720357894897
31.267267643918032,52.91222331999111,25.917497621188936,-0.0736822560429573,-0.9635521173477173,-0.2571735978126526
18.471159181919703,25.251619370268102,47.80233021956674,0.7053529024124146,0.26832154393196106,-0.656110405921936
23.50595436144977,6.230744437997756,20.727355233068387,0.27490606904029846,0.9356871843338013,-0.2211698442697525
57.77466695913565,20.101364839703713,3.9532057595263375,0.9374265670776367,-0.33960938453674316,0.07679127901792526
53.32327700363719,20.166523480742494,16.018264134039477,-0.9234159588813782,0.3356010913848877,-0.1862119883298874
8.437147697073186,10.930957196669501,13.387045843071958,-0.7572094798088074,-0.6373052000999451,0.14309395849704742
9.590874813925621,8.358999770531872,5.2093762096835,-0.7086876630783081,-0.7013307809829712,0.07679138332605362
34.628579299171925,21.081239607071495,49.98838844438894,-0.2930716276168823,0.5795007348060608,-0.7604524493217468
12.430848914904356,7.8346760507453,16.45230219237112,-0.579563558101654,-0.7957072854042053,0.17594321072101593
34.435161954796094,9.41759964725067,39.29175510721357,0.2283068746328354,-0.8701900839805603,0.43662941455841064
47.864890539898695,44.184676596698246,26.208673658473103,-0.7653613090515137,-0.5899863243103027,-0.2571735978126526
22.68302348246107,56.04595020658282,20.7170331699142,-0.24817153811454773,0.945900022983551,0.20900718867778778
21.251374348775244,13.49265909701175,43.79052344967669,-0.3854866623878479,-0.7618975043296814,0.5204922556877136
19.869732864091507,21.61002537378541,47.03248483355386,0.5778769850730896,0.4853629171848297,-0.6561105251312256
56.39180865858275,26.738058846435806,5.582779304243334,-0.991736888885498,0.09676624089479446,-0.08422711491584778
3.832248889165192,18.694681451919458,15.061350530250794,-0.9151196479797363,-0.36276718974113464,0.17594315111637115
17.286460648423617,54.930286809808926,16.349983854064305,-0.470427930355072,0.8647205829620361,0.17594271898269653
11.640172790000268,9.809160681055046,21.32270310519221,-0.6374837160110474,-0.7415729761123657,0.20900730788707733
18.01168002498755,35.240227099781244,46.94796259081652,0.6978582739830017,-0.28725045919418335,-0.6561105251312256
38.894286018020935,5.769608473329887,14.078740272055661,-0.37069079279899597,0.9162410497665405,-0.15195631980895996
24.218377979013038,8.005542830946883,35.7086781682698,-0.20732341706752777,-0.8986418843269348,0.3866003155708313
38.13531201567109,6.772629212541125,30.405922066513003,0.3142573833465576,-0.8965558409690857,0.312137633562088
53.56366932513798,23.78749470575582,30.469988367051663,0.9163696765899658,-0.25067242980003357,0.3121376931667328
26.100130735993446,50.34466214318318,32.82978709447152,0.16149762272834778,-0.9133689999580383,-0.3737320303916931
38.34509698440081,15.971607581229009,47.02679683264469,0.4334526062011719,-0.6633303165435791,0.6100096106529236
20.093677971888177,45.777571536452974,37.920431538401004,0.44409337639808655,-0.7937273979187012,-0.4156655967235565
55.46407761259735,35.98959305716127,24.114742429530335,0.9475283622741699,0.2082124650478363,0.24256452918052673
52.794630348869354,47.28348645159131,11.375522586558072,0.8060353994369507,0.5743091702461243,0.14309413731098175
10.057437898297643,48.09236630646744,3.328851184906054,0.7471774220466614,-0.6627423167228699,-0.0499853678047657
52.94335981411639,39.25045798715278,18.269083581956128,-0.9028756022453308,-0.38747984170913696,-0.18621237576007843
54.56667012187304,37.42296385676435,13.018888675604941,-0.9377092719078064,-0.312427282333374,-0.15195567905902863
34.76594610667305,16.567930246398895,49.58719746758679,0.24957403540611267,-0.7120172381401062,0.6563110947608948
20.037262339721337,43.14420818784416,46.68522675740483,-0.48542261123657227,0.6263010501861572,0.6100097298622131
53.33616006493514,27.84002530452198,24.174445196242218,-0.9617977142333984,0.09384512156248093,-0.2571735680103302
56.28371926432515,26.241496714428717,6.284990058387214,-0.991736888885498,0.09676624089479446,-0.08422711491584778
43.89372985811372,43.70270318631763,35.5838595456708,-0.671347439289093,-0.6136080622673035,-0.4156653881072998
51.670762456144146,20.700838998526162,23.917722805586653,-0.8774365782737732,0.40492814779281616,-0.25717347860336304
19.452742919488525,49.441954147821235,36.525176395084294,-0.44072583317756653,0.8101238012313843,0.3866007328033447
58.2839867837852,21.938694218838428,4.728003098813987,0.9617140889167786,-0.26307618618011475,0.07679128646850586
52.444121665412375,48.40928971191988,2.7755575615628914e-14,0.0,0.0,-1.0
25.962309425921696,0.5545763699774822,4.719809598123347,-0.14523671567440033,-0.9864124059677124,0.07679124176502228
43.05264720975041,16.24588978240537,37.31500086873062,-0.6545515060424805,0.6314938068389893,-0.4156656265258789
53.842148965057326,27.258432453683863,31.497796358591465,0.9447135925292969,-0.10043097287416458,0.312137633562088
41.54550830007277,32.0619154683487,48.15771660794612,-0.6975306868553162,-0.10832156240940094,-0.7083200812339783
52.7406904648512,37.48663395523561,21.923417224590153,-0.9252312183380127,-0.3082704544067383,-0.22117066383361816
4.539361971527702,20.70430764142204,22.04495353343576,-0.9018582701683044,-0.35751083493232727,0.2425648272037506
35.504516196544714,35.5550138530176,51.44581527245644,-0.3476223945617676,-0.375755250453949,-0.8590498566627502
2.981486734040485,23.850191076082417,19.14137046964745,-0.9551259279251099,-0.20988190174102783,0.2090071737766266
47.96566758640323,52.45806838018966,10.262592777748583,0.6479135751724243,0.7537067532539368,0.11015492677688599
28.3410871112379,4.419754721423101,15.664520782211016,0.0338236428797245,0.9819270968437195,-0.18621252477169037
4.169312271114476,26.976056961451512,26.14885057406565,-0.9520679116249084,-0.13004381954669952,0.27686694264411926
45.41355648121715,19.9795197787771,38.42433307673085,-0.7331419587135315,0.5014827847480774,-0.4593667984008789
28.834060889075168,51.136708191945935,38.45806550397278,-0.013422095216810703,0.8995411992073059,0.43662968277931213
51.98856263311824,36.19786898904095,26.25026223046965,-0.9066702723503113,-0.30208656191825867,-0.2944362163543701
17.63583325418089,19.453136048773313,42.78747518916512,0.6374947428703308,0.5354365110397339,-0.5539929270744324
49.853015841099285,30.96516137666688,34.809538010050304,-0.9252464771270752,-0.06514018028974533,-0.37373220920562744
27.4494377658916,30.24258722711957,53.73671440120987,0.15130440890789032,-0.021191520616412163,-0.98826003074646
28.053593323005245,1.046020952592395,11.304087373076609,-0.06491129845380783,-0.9875781536102295,0.14309397339820862
39.535732843969015,19.22855925837918,49.329122345265546,0.5086901187896729,-0.557216465473175,0.65631103515625
51.13227402402212,10.795038491046379,13.228595902495348,0.7239304780960083,-0.6748694777488708,0.14309380948543549
5.79696569344815,29.85170148959399,31.834683462076924,-0.9369820952415466,0.023763123899698257,0.34856829047203064
54.86257790273286,15.786962515634729,12.2553099603929,0.8644010424613953,-0.48201122879981995,0.1430942863225937
12.934562339635711,8.89908113796958,3.7053868345995187,0.646949052810669,0.7608931660652161,-0.04998553916811943
21.105747336389527,5.653665029638505,14.127760154911527,0.35698845982551575,0.9216662049293518,-0.15195611119270325
51.870495798743505,31.240834526454375,29.333512405358146,-0.953311562538147,-0.06711626052856445,-0.29443591833114624
33.81265784638474,41.34326107293717,47.87665424014904,-0.24286390841007233,-0.7145179510116577,-0.6561107039451599
23.070024302136513,10.431271460404103,33.61845621189076,0.33501049876213074,0.864923357963562,-0.3737318813800812
55.20240013793682,31.697974723455303,15.704886895438868,-0.9800835251808167,-0.06900086998939514,-0.18621258437633514
44.524927198612794,7.280289701326084,3.4045361188774983,-0.5237335562705994,0.8504143953323364,-0.049985308200120926
49.64605921907488,42.97473860614812,32.539505866072716,0.7633392810821533,0.5438874959945679,0.34856775403022766
14.952377456102482,24.74274330392417,47.732262951981575,-0.7577347159385681,-0.23179015517234802,0.6100093722343445
25.28058425683926,38.233164266573084,53.560996766250426,-0.2513771653175354,0.4620712101459503,0.8504703044891357
40.75389600746047,54.72759256632424,20.681205226904446,0.3698430061340332,0.9052801728248596,0.20900700986385345
24.335308602240836,5.771871927256634,19.641007359910823,0.1956457644701004,0.9554091691970825,-0.2211698442697525
55.06334195552141,14.029559087157955,1.0225742904885495,0.830443263053894,-0.5551047325134277,0.04714545980095863
22.148675197173755,16.269767442259035,47.91275148667296,-0.4134678244590759,-0.6759681701660156,0.6100093722343445
12.588361546358216,48.12158422518196,28.499978460265712,-0.6405308842658997,0.7016340494155884,0.31213754415512085
58.779364761164885,25.054915545722135,7.088657489901428,0.9766858816146851,-0.18425671756267548,0.11015509068965912
47.53941727384933,24.548224756660886,38.32704099912004,-0.8572829961776733,0.23248237371444702,-0.45936670899391174
55.32977229434841,31.414386776656514,27.067631058056808,0.9594449400901794,0.05301302671432495,0.27686646580696106
5.469313079190985,36.7854368193832,16.313455056965953,0.936659574508667,-0.2966374158859253,-0.18621240556240082
15.57084423051169,11.0220003418284,24.147733402241013,0.562170684337616,0.786018967628479,-0.25717365741729736
51.342831993693856,32.56390042397427,37.6892630552949,0.9030017852783203,0.12334208190441132,0.41155126690864563
13.358660639994456,24.08554260433662,45.375505497534824,-0.7892449498176575,-0.24142760038375854,0.5646282434463501
16.18171308888335,51.88448198024043,12.70604479817765,0.5530868768692017,-0.8191485404968262,-0.15195591747760773
11.285650674170789,30.579600675272975,43.61590657484741,-0.8535918593406677,0.021648751571774483,0.5204923152923584
26.192231595351604,50.72886391738724,31.82799656218122,0.16416634619235992,-0.9284622669219971,-0.33317750692367554
10.4907363828324,26.851980296818695,41.88558745499474,-0.8703891038894653,-0.11888761073350906,0.4777955412864685
8.89241379549576,40.1233931568057,25.149297058628694,0.8597102761268616,-0.44131630659103394,-0.25717344880104065
2.367077707040812,26.354871406658955,18.326147532450136,-0.9689172506332397,-0.13234516978263855,0.20900757610797882
8.534196976758505,33.7856844272343,30.605645565547086,0.9195321202278137,-0.20845453441143036,-0.33317768573760986
31.45765582106826,36.85825361636515,51.9478291866232,-0.12360192090272903,-0.49674516916275024,-0.859049916267395
54.022628753607705,36.445715012740706,28.69812953225177,0.9084823727607727,0.27790260314941406,0.3121376037597656
6.236766096306535,33.77845859991968,22.94822862862962,0.957024335861206,-0.13403795659542084,-0.25717368721961975
3.551392058080713,23.394144095507542,0.8360018346369844,0.9599295258522034,0.275747686624527,-0.04998546466231346
7.035840701391063,43.473650606833885,23.331473625586742,-0.847305417060852,0.4724782407283783,0.2425651252269745
48.20441643499892,10.56099475580532,7.160162426908544,-0.7171118259429932,0.691849946975708,-0.08422736823558807
57.84150928584639,39.772989964313815,2.7755575615628914e-14,0.0,0.0,-1.0
50.166990197452,20.065362039916266,27.79977427944945,-0.8677266240119934,0.4004471004009247,-0.29443609714508057
57.7894521835604,20.10040861072033,3.768486568989725,0.9374265670776367,-0.33960938453674316,0.07679127901792526
16.577282362123988,50.794575447038305,29.517840004912674,-0.5196858644485474,0.7952966690063477,0.3121374249458313
8.617789162712498,50.71191702135181,1.0983510912409278,-0.730644166469574,0.6811287999153137,0.04714531451463699
2.0951653442056433,36.26801782220502,13.989089220046326,-0.9546359777450562,0.2611401379108429,0.14309410750865936
29.3474711555839,0.01643186469396818,0.21808057367681055,-0.012663238681852818,-0.9988061785697937,0.047179460525512695
26.65909607647935,54.1518263293151,20.363779344084683,0.08884910494089127,-0.9711793661117554,-0.2211706042289734
56.756174347121146,29.95820330704324,3.1876159693852433,-0.9983623623847961,0.013467072509229183,-0.05559913441538811
14.616094178156956,4.314076188828134,2.118589724813577,-0.5212156772613525,-0.8521218299865723,0.04714509844779968
43.43522517640315,51.239613628893295,27.711839638847668,0.5013980269432068,0.8197223544120789,0.27686697244644165
46.75772613490317,44.09437252412571,29.226593117730967,-0.7054155468940735,-0.6447452306747437,-0.29443585872650146
40.09666784118946,27.43808097836263,52.8645399435872,0.5689120888710022,-0.15562568604946136,0.8075392842292786
48.45060602540013,27.952444242621894,37.82608932128775,-0.9052188396453857,0.08832429349422455,-0.4156653881072998
46.40470076196662,46.17025482609061,25.416215196054477,-0.7133092284202576,-0.651960015296936,-0.25717321038246155
51.897963049622824,43.68284648814672,25.33008933234666,0.8249101638793945,0.49281638860702515,0.27686676383018494
39.51503114645727,5.514001887755455,10.892789653517976,-0.37242329120635986,0.9205232858657837,-0.11805854737758636
51.27494773956183,29.155823955419912,31.151987191569557,-0.9427781701087952,0.012717939913272858,-0.33317792415618896
30.093396181807996,5.395097177326072,20.75848764127308,-0.04810148850083351,0.9740481376647949,-0.2211705595254898
11.62127656804957,21.55509679391603,34.94442285655069,0.8362929224967957,0.40117183327674866,-0.37373167276382446
46.798614800023856,6.249999091772043,9.789614609799315,0.608875036239624,-0.7855806946754456,0.11015541851520538
53.54338992116865,18.299078790165318,9.307936388754639,-0.9016260504722595,0.4160920977592468,-0.1180584728717804
32.557701370168516,1.68113352456335,15.012759021489737,0.09384163469076157,-0.9799171686172485,0.17594341933727264
41.06183592778381,9.833041191847972,34.74222377911738,0.4407256841659546,-0.8101239800453186,0.3866006135940552
44.203122639354596,51.30868352760927,13.187477128912303,-0.5408121347427368,-0.8273038268089294,-0.1519559621810913
43.60902299719086,43.47025494630117,42.21352326295108,0.6244054436683655,0.6179234385490417,0.47779539227485657
36.919189203395604,24.524516984380085,50.87681987236915,-0.4533470571041107,0.3693832755088806,-0.811191976070404
41.39988006768653,22.25113336154601,49.92167537834301,0.5909473896026611,-0.3950149118900299,0.7033807039260864
15.114743051016914,22.02664754788374,46.51887311548338,-0.7402965426445007,-0.36490505933761597,0.5646284818649292
39.48253954083675,2.299550957230735,8.51221690783982,0.3287721872329712,-0.93796306848526,0.110154889523983
56.829312139802376,28.708262958776395,1.4287765561391241,-0.9983658790588379,0.027649909257888794,-0.05001026764512062
55.513683571075816,38.27628949775209,0.8357860697062254,-0.9475402235984802,-0.3157038688659668,-0.049985673278570175
49.71523283138302,27.965921576333844,35.01020725940611,-0.9231528639793396,0.0900738462805748,-0.37373191118240356
44.77213628689415,7.640372673612833,5.651232009867667,-0.5225257277488708,0.8484531044960022,-0.0842273011803627
8.288978834682931,42.967462651666985,28.230062746782735,-0.8392468690872192,0.46798446774482727,0.2768667936325073
57.303985776929956,18.507106531009303,2.3754478545519184,0.9087343811988831,-0.41470375657081604,0.04714503139257431
34.29061352468646,0.6095242511776002,4.4187672388434605,0.17460337281227112,-0.9816398620605469,0.07679091393947601
32.00276679243567,41.20772088375363,48.49720694330645,-0.11252767592668533,-0.6968644261360168,-0.7083202004432678
21.36729871999678,22.228634597023362,48.70342352214352,0.5405287742614746,0.4539945721626282,-0.7083202004432678
47.99989351727939,52.39326698895589,10.504669226326964,0.6479138731956482,0.7537065148353577,0.1101551428437233
56.42805499604862,33.94959085394378,3.2600948200805084,-0.9869205951690674,-0.15326203405857086,-0.04998534545302391
9.369021763354029,10.043495674587955,13.91011559235361,-0.703471839427948,-0.6961691379547119,0.14309395849704742
33.53933714328061,15.253437344347146,44.25841802129721,-0.17915666103363037,0.813015878200531,-0.5539928674697876
56.08734491981005,30.004182033164746,10.239908751250343,-0.9929162859916687,0.013394412584602833,-0.1180587187409401
16.037201794660458,9.120701714013514,29.317395268652707,-0.4957254230976105,-0.8104482889175415,0.312137633562088
3.2787660194583057,25.290561050767323,2.9777773772383864,0.9796369075775146,0.19445565342903137,-0.04998568445444107
5.984801395683646,12.337898040049849,4.149024192860759,-0.8120118975639343,-0.5785670280456543,0.07679102569818497
44.97468190548392,51.90794052961201,22.50117063332379,0.5711645483970642,0.7841768860816956,0.2425646334886551
26.719197659906012,1.4814684736703736,13.649746819018523,-0.14416688680648804,-0.9791526794433594,0.1430940479040146
14.911728903772483,52.00870137169125,22.638841122560343,-0.5306801199913025,0.8121212124824524,0.2425650805234909
21.74525703679795,1.731497682125104,8.017676749327137,-0.3006402552127838,-0.9473548531532288,0.1101553738117218
34.539789658668944,27.223958419210067,52.870924299258604,-0.29873520135879517,0.16951800882816315,-0.9391596913337708
26.896977405566446,57.109544549132,19.48523035674811,-0.09322468936443329,0.9734604358673096,0.2090071588754654
42.90346409381594,53.09523295248705,6.220665672591288,-0.4735187888145447,-0.8767472505569458,-0.08422725647687912
9.966195387905413,49.19885984557271,18.060167146455335,-0.7200472950935364,0.6712494492530823,0.1759432703256607
8.254309305153537,14.114423192710875,22.77501322553821,-0.790094256401062,-0.5629504323005676,0.24256518483161926
56.51022516368345,21.557843516860657,17.05462957856319,0.9495153427124023,-0.25973960757255554,0.1759430319070816
28.85136085637021,54.30857163003548,20.471655920451788,0.007270385976880789,-0.9752081632614136,-0.22116994857788086
33.81067566944275,53.26201404700476,23.504179007907197,-0.15405096113681793,-0.9540073871612549,-0.2571735680103302
9.910001457393609,37.45253781867664,31.515888530719625,0.8718913197517395,-0.3588848412036896,-0.33317744731903076
7.5323218271634955,10.649839781258507,6.225808209071019,-0.7628231644630432,-0.6420310735702515,0.07679102569818497
0.2240628495808988,31.449726122419,3.281653112380342,-0.9967266321182251,0.025279292836785316,0.07679156213998795
49.13433180959166,14.32719632313263,19.264461349699964,-0.7560451626777649,0.6160189509391785,-0.2211703658103943
36.47799751495585,40.06780564092793,47.84874151512074,-0.4129275977611542,-0.631672203540802,-0.6561105251312256
27.147082075572182,58.753270907181545,9.665373819854285,-0.0947490930557251,0.9893878698348999,0.110155388712883
51.9253195787337,47.88073141885268,2.7755575615628914e-14,0.0,0.0,-1.0
30.08264021097924,1.408926489631163,14.187664338553294,0.014767277985811234,-0.9895989298820496,0.1430939882993698
52.276431744361034,23.306998841768255,33.59719453668785,0.9040679335594177,-0.24730804562568665,0.3485684096813202
49.14843798478376,32.340265613739795,36.163873432339756,-0.898745059967041,-0.13956928253173828,-0.4156654477119446
4.379336044321345,35.91030892287855,10.960623267425044,0.9684339761734009,-0.21954002976417542,-0.11805848777294159
35.7080746908117,56.05983694304397,3.971624907086288,-0.24060264229774475,-0.9669622778892517,-0.08422796428203583
31.355356372609158,59.54343590215968,1.2376779049692814,0.06551337242126465,0.9967373013496399,0.047145720571279526
39.03006091873372,24.124423234084134,52.655778760366935,0.4903522729873657,-0.3277726173400879,0.8075393438339233
41.70579691846536,12.927465543098682,39.842992796068245,0.49211886525154114,-0.7531094551086426,0.4366292953491211
4.010092760736407,44.21068749582321,2.7755575615628914e-14,0.0,0.0,-1.0
55.42851264369584,44.83011833529464,2.9092020322398,0.8559341430664062,0.5113509297370911,0.07679134607315063
4.52030785754677,38.72512001134375,4.645318450086792,0.9499462842941284,-0.30084508657455444,-0.08422749489545822
44.74239512411986,54.39246263809529,12.03910483414062,0.5164260268211365,0.844291627407074,0.14309385418891907
44.460149840225036,52.009937841828524,7.555633344404581,-0.5452224612236023,-0.8340492844581604,-0.08422725647687912
10.027073336814807,13.17056370017032,12.936343231545505,0.7568471431732178,0.6356821060180664,-0.15195609629154205
18.413721834470678,2.73019590246869,6.3014122963803825,-0.37707996368408203,-0.9229917526245117,0.07679139822721481
51.23103261700088,50.16516966780674,4.897449165457601,0.7086880803108215,0.7013303637504578,0.07679121941328049
23.059096328348794,40.19284520939205,51.35972344400975,-0.3540027439594269,0.5417443513870239,0.7623615860939026
52.928707401049124,13.926293382963465,16.357415455781137,0.8183990120887756,-0.5470531582832336,0.1759427785873413
29.132300603605163,11.722519395424241,44.34272907349173,-0.056001365184783936,-0.8520280718803406,0.5204921364784241
32.43124359972017,4.605058826799887,27.721195028319315,0.09160266071557999,-0.9565320014953613,0.2768672704696655
44.2993031917324,20.611771883700737,45.78583343347459,0.6861656308174133,-0.45866310596466064,0.5646281242370605
27.25788212142426,43.28724731584643,50.05445786833539,-0.12447716295719147,0.6998289823532104,0.7033810019493103
20.527068931891602,25.485432803058938,53.059360189157935,-0.5290356874465942,-0.26077109575271606,0.8075392842292786
13.391298108450966,8.12087189515889,20.451230462506235,-0.5757443308830261,-0.7904646992683411,0.2090071588754654
27.68634895911647,58.936430657640365,8.48412386619846,-0.0947490930557251,0.9893878698348999,0.110155388712883
36.43036460644794,45.841538188539765,40.57005689139366,-0.3450278043746948,-0.7907603979110718,-0.5056222081184387
20.443398440246966,4.585218578469529,2.896190504332287,0.3607311248779297,0.9313294291496277,-0.04998548701405525
22.235404042549042,33.55937220660592,51.15581319371394,0.5202394127845764,-0.26705533266067505,-0.811191976070404
26.40122891169044,22.138197293422124,54.264017476035214,-0.19894039630889893,-0.48695290088653564,0.850470244884491
48.496604152631356,10.585996640319403,4.877847119211876,-0.7171118259429932,0.691849946975708,-0.08422736823558807
35.739759762092945,57.40620557611039,15.482425691696127,0.221296027302742,0.9592038989067078,0.17594315111637115
9.118449889509817,15.165371341151811,16.026217394137483,0.802584171295166,0.5667305588722229,-0.18621252477169037
44.30569088210167,13.676789315838993,37.676522390080926,0.6144722104072571,-0.6730896234512329,0.4115510880947113
17.9767711950276,41.34123950629718,46.68881045288186,-0.5796027779579163,0.5403234362602234,0.6100091934204102
36.922549137150995,5.3064937437022754,15.247439367851575,-0.2927219569683075,0.944046139717102,-0.15195633471012115
7.45509426967715,19.58087336016935,30.117591259986725,-0.8521389961242676,-0.42003491520881653,0.31213754415512085
45.50248934455242,14.38107791895894,36.97408136339736,0.6745849251747131,-0.6288682222366333,0.3866004943847656
32.06427684365295,12.57284870383522,40.39964335402484,-0.11789363622665405,0.880388081073761,-0.45936688780784607
8.680697059173273,43.59313207393133,16.8169593380021,0.833462119102478,-0.520255446434021,-0.18621262907981873
48.21289447742063,51.81638995164349,12.582495734916098,0.6451724767684937,0.7505174875259399,0.14309431612491608
39.91190819809864,26.568661905112414,49.46260118931341,-0.6103355884552002,0.2218163013458252,-0.7604525089263916
9.685652434686878,11.193128662199761,2.7755575615628914e-14,0.0,0.0,-1.0
18.139541065683254,43.005444338771404,45.11264202503766,-0.5564619898796082,0.6095450520515442,0.5646280646324158
22.341345338753303,50.83518588346937,28.634075007488327,0.321007639169693,-0.9001453518867493,-0.2944358289241791
9.630672786007404,46.78372690809579,24.10191248159731,-0.7605422139167786,0.6022771596908569,0.24256496131420135
15.141936347685432,17.24130883920079,42.29051104630029,-0.6721027493476868,-0.5656759738922119,0.4777955412864685
35.83697134505766,2.132573057840201,14.785776983514298,0.1723887026309967,-0.9691884517669678,0.17594298720359802
54.09707102023558,21.568360007684582,14.568832562450481,-0.9289401173591614,0.3376087546348572,-0.15195584297180176
26.78066684851624,16.768491147701205,50.34244959378009,-0.15979282557964325,-0.6926194429397583,0.703380823135376
12.996674940823493,18.281744131088857,33.913241251542544,0.7576783895492554,0.5350214242935181,-0.37373194098472595
7.703412706742092,14.443993457310038,2.5221327904434467,0.8158506155014038,0.5760983228683472,-0.04998565465211868
10.656658945633458,9.222102041566675,15.874584771637952,-0.6417117714881897,-0.7464917898178101,0.17594310641288757
18.907122005895044,8.113339117563362,31.005751909171043,-0.4289042055606842,-0.8477094173431396,0.312137633562088
13.191891268158592,42.43924158772478,39.37794979650543,-0.7052791714668274,0.5585126876831055,0.43662893772125244
43.24116291102432,53.60515693003081,20.213380474682186,0.5102713108062744,0.8342297077178955,0.209007129073143
31.64999096384529,45.994173308332165,47.03153091077697,0.1154259517788887,0.7839418053627014,0.6100099086761475
21.021851487199463,57.75910253012809,7.649195414874519,-0.32877224683761597,0.9379630088806152,0.11015529930591583
36.735630517541246,6.8829848917691265,32.04400231191788,0.23786023259162903,-0.9065995812416077,0.34856805205345154
30.025083217045868,9.69968606083772,34.650205004759556,-0.04574887827038765,0.9264078140258789,-0.3737320601940155
7.474644652868279,49.326585919873715,3.1773794016172276,-0.7292976379394531,0.6798735857009888,0.07679106295108795
49.04887759305699,15.354042557267343,31.763041447565247,0.7347880601882935,-0.581882119178772,0.3485681712627411
25.569824671664367,47.170075892548375,39.5290051575901,0.22730553150177002,-0.8586703538894653,-0.4593663513660431
35.31250012568159,53.665066177595385,30.561257247058833,0.21357057988643646,0.92572021484375,0.3121373653411865
55.54073821978204,41.0616413703697,16.37042881530703,0.915119469165802,0.36276790499687195,0.17594271898269653
33.01001812584362,41.68775830206697,47.77044718890419,-0.18222373723983765,-0.7323344349861145,-0.6561103463172913
49.646913989169505,28.609204427703528,35.334002652681946,-0.9231528639793396,0.0900738462805748,-0.37373191118240356
53.26353261431677,22.95654399731171,30.683804714376596,0.9163696765899658,-0.2506723999977112,0.3121376931667328
54.8227781781712,15.823179594350094,12.617728713534557,0.86440110206604,-0.48201122879981995,0.1430942565202713
8.648708122677148,48.32692995221157,15.994887653544907,-0.7200475931167603,0.6712492108345032,0.1759430468082428
16.80370403873656,16.548978830418527,38.069205197386786,0.6450634002685547,0.6411828994750977,-0.41566532850265503
23.397327973785963,4.603830150745048,25.39988621665014,-0.21601423621177673,-0.9363133311271667,0.27686670422554016
1.7044911456849252,36.74265220262139,10.50387091264082,-0.9586922526359558,0.26224973797798157,0.11015539616346359
2.2083151889326604,33.57155199685118,17.352974641415116,-0.9788844585418701,0.10406257957220078,0.17594358325004578
10.863860627436026,25.421089526924366,42.05819441189056,-0.8580002188682556,-0.1885393112897873,0.4777955412864685
43.06137424830841,24.520808074696724,45.35387711341327,-0.7487729787826538,0.27212876081466675,-0.6043880581855774
39.16392468470842,27.392789468564523,53.505150123524,0.5073819756507874,-0.13879424333572388,0.850470244884491
39.25343734315424,56.37112138112468,15.766305837776029,0.2977624237537384,0.9382864236831665,0.17594346404075623
50.51293776807017,22.736542054842655,37.2952360150467,0.8568885326385498,-0.3104318082332611,0.4115508794784546
54.483385598586395,41.30278922177075,20.6550140377583,0.8771435618400574,0.43235981464385986,0.20900747179985046
3.8066795370038857,16.146706799280384,6.471540854667226,-0.8943049311637878,-0.4408194124698639,0.07679121196269989
15.916390041857635,3.8903426375979895,6.007463075332939,-0.4501272439956665,-0.8896564245223999,0.0767911896109581
40.4017506466923,39.2942352993647,49.550081726978306,0.5772472023963928,0.48584067821502686,0.6563112735748291
50.551737472825806,11.125288319888362,17.08347702558701,0.7200469970703125,-0.6712499260902405,0.17594292759895325
53.351263697321976,44.54821273778761,18.04683321776698,0.8450773358345032,0.5048646330833435,0.17594321072101593
50.866825325686506,27.99737076422308,38.88336828479876,0.8946003317832947,-0.0951029509305954,0.4366299510002136
55.29748090603093,34.82697599482796,12.60057014497281,-0.9766805171966553,-0.15167221426963806,-0.15195631980895996
48.28013915474629,9.271281641759494,18.602006204730415,0.659325897693634,-0.7222224473953247,0.2090073525905609
3.1432700660833586,33.017498895591,3.9720145565395444,0.9868147969245911,-0.13821113109588623,-0.08422697335481644
36.02924215999077,8.295284950517763,28.29094338223515,-0.2830321788787842,0.9127979874610901,-0.29443609714508057
49.45848555239071,22.68905376985931,39.347613615802466,0.8458454608917236,-0.30643144249916077,0.43662941455841064
46.88409302260039,40.68236852432904,40.710192172096995,0.7541401386260986,0.45053747296333313,0.47779566049575806
47.65225292865979,50.214127582450956,21.168344780980902,0.6374834775924683,0.7415732145309448,0.209007129073143
27.480002420490784,51.041142348314324,31.47736709860422,0.08589930087327957,-0.9389429688453674,-0.33317768573760986
29.21792489916897,8.24534864196535,30.747584328700903,0.03245900943875313,0.9423051476478577,-0.33317768573760986
11.48277133712768,38.2296410024569,34.532332182780586,0.8577176928520203,-0.35305073857307434,-0.37373197078704834
41.21682847089609,18.41165459456583,47.21437812062104,0.579602837562561,-0.5403229594230652,0.6100095510482788
56.62614803216424,19.39985606497559,11.95239555960884,0.9305275082588196,-0.3371093273162842,0.14309388399124146
6.695433126576926,16.519906009636255,22.792900415195035,-0.8328307867050171,-0.4975494146347046,0.24256445467472076
47.757552100966436,10.762380981984796,11.044142322429401,-0.6544371843338013,0.7468427419662476,-0.11805864423513412
45.29041752956761,39.13989144475599,39.17143397769877,-0.7464026212692261,-0.4815240204334259,-0.45936667919158936
21.27998279954918,53.02390858783177,29.771189707739826,-0.3142576515674591,0.8965557813644409,0.3121374845504761
53.31786816064317,41.61453374099691,10.090341730385303,-0.8765518665313721,-0.46660366654396057,-0.11805855482816696
26.973282238593885,56.98197397006477,2.7755575615628914e-14,0.0,0.0,-1.0
35.76249256968979,52.21058282733753,25.819572725977533,-0.23334109783172607,-0.9377706050872803,-0.2571735680103302
29.0104641575871,54.20257939759741,20.944240334472433,0.007270385976880789,-0.9752081632614136,-0.22116994857788086
35.064833862241485,10.203869801428302,40.51158682691319,0.22293433547019958,-0.8497126698493958,0.47779563069343567
5.221942559943681,30.111791552772893,30.098492259946475,-0.9497314095497131,0.024087263271212578,0.3121379315853119
50.83475153965766,48.504464902980644,16.062391206472356,0.7531476616859436,0.6338869333267212,0.175943061709404
45.13745174053565,49.96360244987823,16.50384748224375,-0.6045267581939697,-0.7745142579078674,-0.18621224164962769
50.91327298238372,19.28480825204496,33.095646767424775,0.8526899814605713,-0.3891274034976959,0.34856805205345154
24.164423088224115,9.433385734391457,38.79192084765956,-0.272123783826828,-0.8574984073638916,0.4366293251514435
32.856416882494216,17.161305171467028,50.73777672963812,0.18038702011108398,-0.6875435709953308,0.7033806443214417
48.471621679821205,30.407253378530875,37.99887561780971,-0.9072718620300293,-0.06387471407651901,-0.4156654477119446
32.41507515373608,45.276035052817235,47.80966227456341,0.1154254749417305,0.7839420437812805,0.6100096702575684
8.030367938775896,38.735073908080615,33.17099898310628,-0.8812362551689148,0.31925326585769653,0.34856855869293213
42.20202622409489,6.8190486941783055,11.361249751597331,-0.4481443762779236,0.8861314058303833,-0.11805830895900726
3.512842795372184,40.36911860727125,14.720469917925277,-0.925536036491394,0.33530133962631226,0.1759432703256607
50.78001111724977,39.62176950644604,34.27585686114053,0.8406998515129089,0.41439610719680786,0.3485679030418396
21.590398502248,55.23124989204147,6.09345866979378,0.3347032964229584,-0.9385518431663513,-0.08422697335481644
46.40358921877351,21.780159821853086,43.84414243892524,0.7768016457557678,-0.35449570417404175,0.5204920768737793
37.55226283050906,4.314002825529104,6.489031112104583,-0.2951083183288574,0.9517441391944885,-0.08422721177339554
18.623149937258386,9.502590234051814,34.06131349568697,-0.4231463372707367,-0.8363297581672668,0.34856805205345154
7.52792762871664,16.68099384268959,25.87566050385346,-0.8249096870422363,-0.4928171932697296,0.2768668532371521
47.75101807513144,12.584901875456698,29.309175014589265,0.6949118971824646,-0.6478175520896912,0.31213757395744324
26.744406569951284,59.4687046004342,0.2092708432235133,-0.0952240377664566,0.994338870048523,0.04714392498135567
53.345716126886586,24.197007402887838,31.43872548203315,0.9163696765899658,-0.2506723999977112,0.3121376931667328
10.112654266121366,10.314503392770234,18.02286112672788,-0.6996983885765076,-0.6924349665641785,0.175943061709404
39.52927676369437,7.136561415181661,29.887895861144585,0.38538211584091187,-0.8683609962463379,0.31213751435279846
42.89404568511643,37.969742524638406,43.7249691948303,-0.6995759606361389,-0.4513149559497833,-0.5539929866790771
51.495970821847806,36.252065857285395,27.711519319758047,-0.9066702723503113,-0.30208656191825867,-0.2944362163543701
38.6578560564,57.67143097256584,8.223572066676716,0.30063962936401367,0.9473550319671631,0.11015535891056061
53.02854507707523,47.41365880760332,9.223971860609446,0.8094604015350342,0.5767492651939392,0.11015516519546509
49.07292132010704,14.899948130049712,21.069654338665163,-0.7560451626777649,0.6160190105438232,-0.2211703062057495
28.59058377979838,50.55523985280793,33.075147346348764,0.0845029205083847,-0.923679530620575,-0.37373170256614685
45.612338133874104,46.65409957938053,26.13364660968617,-0.6562523245811462,-0.7093621492385864,-0.2571735680103302
19.373308250664355,56.211307436187866,14.604976019560441,-0.39932090044021606,0.8997704386711121,0.17594321072101593
51.07178696747145,22.161694433436434,35.579056424677866,0.8670998215675354,-0.3141310214996338,0.3866000771522522
4.849480601072777,37.83817225438599,24.684358467699745,-0.9121240377426147,0.33044201135635376,0.2425650656223297
19.18132274701901,38.51154492956087,46.04080203467362,0.5960142016410828,-0.5286604166030884,-0.6043882966041565
11.677062786627687,13.429150156148832,30.577307644935555,-0.7268566489219666,-0.6117594838142395,0.3121374547481537
34.3324303306359,51.298763997279956,29.8265821217881,-0.22766654193401337,-0.9149649739265442,-0.33317723870277405
13.947646411927101,19.32397533252933,37.12296241064703,0.7429586052894592,0.5246278643608093,-0.415665864944458
53.35966329885668,12.224516380518335,6.691966737727679,0.781639814376831,-0.6189848780632019,0.07679121196269989
12.806575661462391,11.589025906241204,18.371609537761376,0.6968316435813904,0.6926403045654297,-0.18621237576007843
21.482663343503123,58.27853755380353,2.7755575615628914e-14,0.0,0.0,-1.0
35.219163171301396,45.512993268514236,41.81897320420844,-0.27764955163002014,-0.8168582916259766,-0.505621612071991
7.385087344875773,28.733426569200425,28.08717659735382,0.9552857875823975,0.02713642083108425,-0.29443618655204773
53.954550472355194,14.792873367466976,14.257681262639286,0.8228123188018799,-0.5500035285949707,0.14309437572956085
9.187051409174538,44.572192025320525,27.735849020900492,-0.7988681197166443,0.533998429775238,0.2768670916557312
12.951377497044653,34.096858829653776,40.39352137907438,0.8662663102149963,-0.19637887179851532,-0.459367036819458
53.2731333116186,43.37980708544859,0.35583217783740917,-0.8816213607788086,-0.4693028926849365,-0.04998568445444107
10.2270688364467,14.716864370049347,19.377972270386856,0.7467768788337708,0.6272225379943848,-0.22116993367671967
13.456250762539103,5.59537603478442,8.002461177679596,-0.5851649641990662,-0.8033976554870605,0.11015534400939941
42.37381132503209,17.599419511560047,45.25480920576001,0.6037054657936096,-0.5627921223640442,0.5646279454231262
50.52050952673139,50.309420219785245,9.087171920106783,0.7064612507820129,0.6991268992424011,0.11015503853559494
53.03012751406405,26.55007380058374,24.838361682756258,-0.9505718350410461,0.17399701476097107,-0.25717347860336304
26.03213764311356,1.1663999158627503,10.801609326009089,-0.14416688680648804,-0.9791526794433594,0.1430940479040146
53.161617914645284,19.47044923922463,27.140523951410156,0.8741822838783264,-0.39893603324890137,0.2768670916557312
42.78395143990856,9.635904735173737,22.65911425416984,-0.5114028453826904,0.8303920030593872,-0.22117023169994354
41.154819184901484,47.38600553600474,39.3519639055071,0.46942955255508423,0.7674572467803955,0.4366294741630554
13.051299163166911,10.243346893681542,26.217787045859872,-0.6263976097106934,-0.7286773920059204,0.2768667936325073
50.89659665120067,13.622227650909766,7.548659630646139,-0.7724892497062683,0.6294173002243042,-0.08422724157571793
31.235443822657253,50.16661684206602,40.380887263534504,0.05761459097266197,0.8765798807144165,0.47779518365859985
10.373508752727378,16.885312917329774,25.022772003764224,0.7893965244293213,0.5574180483818054,-0.257173627614975
53.28874339109739,43.21234842982202,21.513257862172335,0.8395088315010071,0.5015385746955872,0.20900718867778778
26.793163333153938,55.9444266510323,9.987807838132156,0.09046700596809387,-0.9888770580291748,-0.11805877089500427
35.968693834435854,23.497766142307597,54.01855325075624,0.35465365648269653,-0.38848575949668884,0.850470244884491
25.07707389482509,57.469196883352524,16.344499699840224,-0.172387957572937,0.9691885709762573,0.17594295740127563
45.42967411734557,29.45850991980551,47.87929005795752,0.7921393513679504,-0.020089954137802124,0.6100095510482788
45.39763240268951,48.53259266297111,21.193629143576768,-0.6000503301620483,-0.7687804102897644,-0.22117017209529877
29.819579866327725,2.9270445065352395,3.7715372100272195,0.03438214585185051,0.9981579780578613,-0.049985628575086594
9.509921724412324,48.96374282429542,17.089870803148756,-0.7200472950935364,0.6712494492530823,0.1759432703256607
24.462810975202924,52.21489232394151,34.552087966823436,-0.2340441197156906,0.8920556902885437,0.3866005539894104
28.34986347387354,52.50790237247613,35.26443589946769,-0.08791752904653549,0.9180471897125244,0.38660040497779846
46.45893446029435,47.46633772346439,21.560929209361966,-0.6622763872146606,-0.7158727049827576,-0.22117017209529877
7.633087947799769,21.148975586834872,23.246410413075022,0.9032202363014221,0.3435911238193512,-0.2571738362312317
3.2970609916472995,28.790565235976675,7.706397495854911,0.9926062226295471,0.02819688618183136,-0.11805874109268188
32.20300012737135,52.983783395697415,33.90080690995353,0.0614723339676857,0.935265302658081,0.3485684096813202
26.235734986103754,14.888991639495979,43.769313626771925,0.1670149713754654,0.8155966401100159,-0.5539928674697876
35.957052371766935,52.16624082297942,25.80473404387193,-0.23334109783172607,-0.9377706050872803,-0.2571735680103302
27.306349095262515,54.95587356506214,16.704587133324967,0.08951187133789062,-0.9784234762191772,-0.1862126588821411
4.2452883287689955,16.974669163482663,2.7755575615628914e-14,-0.0,0.0,-1.0
41.76596684020912,15.639038377743592,38.19992751400809,-0.5853953957557678,0.6680526733398438,-0.4593667685985565
37.91005285985296,47.11152312179076,37.04844168106624,-0.36372891068458557,-0.8336206078529358,-0.4156656861305237
25.368310920403477,55.52309677770554,11.656214202646582,0.1720931977033615,-0.9732899069786072,-0.15195626020431519
6.364140914971656,26.196507998307098,32.598331889327305,-0.9286604523658752,-0.12684744596481323,0.3485678434371948
32.45793762644566,55.280740082529135,14.913213747015499,-0.07536139339208603,-0.9855099320411682,-0.15195663273334503
11.239345611259381,21.189277823994917,40.15088848523387,-0.8069367408752441,-0.39775338768959045,0.4366295039653778
12.021279466862456,19.355351059821217,33.29564289630539,0.7997909784317017,0.46974360942840576,-0.37373167276382446
11.40701385152409,10.78099717482064,8.178425427118139,0.7042766213417053,0.7000404000282288,-0.11805874109268188
24.041098998563395,55.061626672987735,12.98647764597228,0.25293225049972534,-0.9554762244224548,-0.15195539593696594
20.652792917338562,49.3937845216715,30.710231577811527,0.38990849256515503,-0.8584660291671753,-0.333177775144577
54.715188705451986,21.410852833848317,24.487879424585145,0.9121240377426147,-0.33044227957725525,0.24256464838981628
25.853123443689828,18.39231936553743,47.966237836120044,0.2725718319416046,0.7037211656570435,-0.6561105847358704
18.7496835861147,32.91502588887448,48.579008651582704,0.6729501485824585,-0.21312157809734344,-0.7083200812339783
31.853673755157445,51.6564743565092,37.181646723548944,0.0604865625500679,0.9202616810798645,0.3866003453731537
41.32591122484395,53.81805712452586,7.395916145464802,-0.3984943628311157,-0.9132951498031616,-0.08422680199146271
26.421055674216987,58.95772287232237,7.204552762577415,-0.09474901109933853,0.9893878698348999,0.11015543341636658
13.724762810884087,39.18234426323519,43.512634833932886,-0.745757520198822,0.41585278511047363,0.5204922556877136
47.5699444524497,31.869241178359033,39.54943839179537,-0.8777260184288025,-0.13630500435829163,-0.45936688780784607
31.058374490057478,0.08306596157378815,1.0412510237880817,0.027564091607928276,-0.9985067248344421,0.04716547206044197
28.496148619752123,5.988417176241785,23.095863804449014,0.03326785936951637,0.9657924175262451,-0.25717368721961975
7.647571174119377,46.80876105910523,16.97499648352305,-0.7717255353927612,0.6111332774162292,0.1759427934885025
21.084491958602563,35.506897684490376,49.60244480688924,0.550879955291748,-0.34386521577835083,-0.7604525089263916
4.730005933824958,32.49471718356753,16.82342536275721,0.9730124473571777,-0.13627822697162628,-0.1862121969461441
32.73471194844602,23.0181684963643,51.83311705742123,-0.1919829249382019,0.47452691197395325,-0.859049916267395
27.2714547823,9.072825752393644,39.29987607618029,-0.13104775547981262,-0.8900455236434937,0.43662965297698975
22.13535487186256,4.183598040212554,5.097032651638406,0.2808848023414612,0.9560384750366211,-0.08422716706991196
4.2904062391523095,21.727919467723858,4.997441785355768,0.9577155113220215,0.27511221170425415,-0.08422721922397614
15.094932932400399,16.12482471267611,34.656574507426804,0.657843291759491,0.6538857221603394,-0.3737320303916931
10.837517680304085,49.22392843640962,20.91667847418545,-0.6593257188796997,0.722222626209259,0.2090073525905609
4.7578592497870975,41.605882183377325,18.246589408497158,-0.8896538019180298,0.40599536895751953,0.2090069204568863
26.411472237421542,9.79661559013976,34.161983563612495,0.18607686460018158,0.9086803197860718,-0.3737318515777588
3.7256330147910854,33.239752820667384,24.266866666485114,-0.9646992087364197,0.10255511850118637,0.24256515502929688
42.34123391461647,3.1253202310406683,5.280440666248869,0.404451459646225,-0.9113298654556274,0.07679124176502228
48.29271204626377,34.43626128750979,37.14125256371893,-0.883914053440094,-0.21428512036800385,-0.4156655967235565
47.825134440373034,49.44993530517085,6.938865885986603,-0.6766804456710815,-0.7314433455467224,-0.0842273011803627
8.755317545496913,44.85611017869852,12.957259911624234,0.7917131781578064,-0.5916922092437744,-0.1519559919834137
46.32931252567832,37.79633497195685,44.00721247857665,0.7658786773681641,0.3775153160095215,0.5204921364784241
56.8231043222926,35.870692509424806,18.430873910626087,0.9551258683204651,0.20988185703754425,0.2090076357126236
22.31379618001622,4.787865449642825,24.96926243068207,-0.29344719648361206,-0.9246896505355835,0.24256500601768494
14.595858763917985,4.386098097980127,3.054775013916954,-0.5202550888061523,-0.850551426410675,0.0767911896109581
30.84354591505345,6.633973469696918,34.03231900737115,0.013984705321490765,-0.9371792078018188,0.34856781363487244
48.7620522666251,26.1211295972211,42.3909898062455,0.8632436394691467,-0.16285525262355804,0.4777955710887909
29.834511786025395,6.338987582619287,33.27968445907288,0.01398363709449768,-0.9371790289878845,0.3485684096813202
53.8174652088409,21.993777928675183,16.860789421451315,-0.923416256904602,0.3355998396873474,-0.1862126886844635
13.074927465862679,11.21143774186648,17.819055367125795,0.6364291310310364,0.7485204935073853,-0.18621236085891724
39.25450124724739,7.0198294527584215,29.902402661636458,0.38538211584091187,-0.8683609962463379,0.31213751435279846
13.842300202975439,37.54705855290381,39.730747492845154,0.7902135848999023,-0.40564143657684326,-0.45936644077301025
37.36266586917115,29.146706862526326,51.73901250314595,-0.5094723105430603,0.04971035197377205,-0.8590499758720398
50.223915924668745,47.41690842550773,3.198996907519178,-0.7372130751609802,-0.6738088130950928,-0.049985479563474655
12.56606871346026,45.86839278448552,33.078593197773415,-0.685583233833313,0.6391211748123169,0.3485681712627411
6.473189117350902,34.296031651328114,23.499617094431894,0.9424516558647156,-0.2136506885290146,-0.25717368721961975
59.247413213032345,25.498017721711467,2.0566813283556824,0.9815734028816223,-0.1851784884929657,0.047144725918769836
47.578723194753366,27.055147696316084,39.32540532762835,-0.873729944229126,0.15993137657642365,-0.4593668580055237
46.78860137624945,32.51813192772081,40.8167431176809,-0.8525364995002747,-0.13239344954490662,-0.5056219100952148
23.307174535167785,50.29408576622237,31.111257924972616,0.31670573353767395,-0.8880822658538818,-0.3331776559352875
52.18573899522455,36.30088080187319,25.42862585458833,-0.916816234588623,-0.3054667115211487,-0.25717324018478394
29.965211938078195,6.899773671501805,26.642856973029193,0.03289991244673729,0.9551047682762146,-0.2944357991218567
53.76570031822451,17.871363030377672,22.586070214413763,0.8825764060020447,-0.40276673436164856,0.24256518483161926
20.853602946244433,3.180160607827819,15.92870934734487,-0.29776179790496826,-0.9382867217063904,0.1759430468082428
45.13450557664756,7.969567459189092,6.273656891436558,-0.5916905403137207,0.8017531037330627,-0.0842273160815239
5.771432026712288,30.449038105542133,31.72532422558727,-0.9369820952415466,0.023763123899698257,0.34856829047203064
33.76434482450313,42.02601708555776,50.94922780489324,0.21500776708126068,0.6775153279304504,0.7033808827400208
34.01109040050486,4.468196918229893,26.527452359487874,0.16827474534511566,-0.9460594058036804,0.27686673402786255
21.059807919508394,44.78656827631093,40.53032083844748,0.4337064027786255,-0.7751652002334595,-0.4593665301799774
16.571556583485815,53.39805212397198,21.336587521799103,-0.4673278331756592,0.8590230345726013,0.20900745689868927
17.027550972955048,45.204937369764465,34.92832718300802,0.5815406441688538,-0.7225889563560486,-0.3737320899963379
3.708050510252445,37.79931073877199,20.11351734590551,-0.9432591199874878,0.2580276131629944,0.2090071588754654
15.91535424660662,47.59687626283113,35.61762477688606,-0.5649717450141907,0.7289354205131531,0.3866005837917328
2.1168920196233634,23.94894070939798,14.737949263400088,-0.9614609479904175,-0.21127484738826752,0.17594265937805176
50.753213029376155,46.656227612283736,4.318022487864585,-0.7891861796379089,-0.6083509922027588,-0.0842270702123642
19.20572337545447,5.364272664896717,6.562490398585307,0.3598991632461548,0.9291815757751465,-0.08422718942165375
43.83684264043283,54.9660299762638,11.918142239399323,0.44681409001350403,0.883108913898468,0.14309383928775787
7.572646816191682,22.73541383718138,33.62678392197431,-0.8962868452072144,-0.2741716206073761,0.34856823086738586
11.552587054440018,47.75400627957926,14.854850413342316,0.6819506883621216,-0.715438723564148,-0.151956245303154
8.53955364294651,12.46052559790839,19.292639145340733,-0.7481849789619446,-0.6297104358673096,0.20900718867778778
10.946277645457505,11.834375987766432,25.21175141781198,-0.6830006837844849,-0.6759102940559387,0.2768671214580536
16.740596982433363,22.869857474178275,44.589890890924174,0.7506243586540222,0.3600764870643616,-0.5539928078651428
19.147319552266985,2.938827288358387,2.7755575615628914e-14,0.0,-0.0,-1.0
5.427858721875236,25.722840618788258,19.361157058239897,0.9565721154212952,0.18987739086151123,-0.22117049992084503
42.59422742724041,5.361110540433248,18.735341073560644,0.4673282504081726,-0.8590229153633118,0.20900706946849823
19.21476422703838,22.29375410741402,50.740741650803024,-0.5788983106613159,-0.4124714434146881,0.7033804655075073
17.891333142539814,8.429415292560874,20.41472626972324,0.49896538257598877,0.8379243612289429,-0.22117029130458832
37.30616201063787,19.01607771031617,46.77313083394367,-0.44812026619911194,0.6072126626968384,-0.6561105251312256
29.594932040307167,3.442096244929405,24.01487594517589,0.014474203810095787,-0.9700272083282471,0.242564857006073
57.48109609519369,33.9500560730097,16.85060579240595,0.9753438830375671,0.1332230120897293,0.17594310641288757
36.18527016817994,2.1760945933068596,14.562229948747254,0.24981653690338135,-0.952174186706543,0.1759433001279831
5.880734092295667,42.90641599631025,2.7755575615628914e-14,0.0,0.0,-1.0
39.868583353050404,29.848261119540826,53.22925495758008,0.5896241664886475,-0.014954006299376488,0.8075392842292786
18.042476747126123,48.71331273575219,28.808474675576267,0.5347803235054016,-0.7920337915420532,-0.2944358289241791
21.41692157262928,9.95310838484825,30.801071216148305,0.3405463993549347,0.8792160749435425,-0.33317747712135315
50.77849354795323,48.27253483098431,17.13880512684185,0.7531476616859436,0.6338869333267212,0.175943061709404
40.053764464120306,48.38628090216071,31.90721569770248,-0.44805628061294556,-0.8296012282371521,-0.3331775963306427
28.57043369082945,31.17082988942252,53.82577440818284,0.10541336983442307,-0.11058986932039261,-0.98826003074646
27.948122597526357,56.27707956394919,23.524350693709046,-0.09248227626085281,0.9657168984413147,0.24256531894207
14.145220984111134,7.866526075926871,1.7334753925185242,0.5810105800628662,0.812359631061554,-0.049985527992248535
48.519295989842846,44.847471671515436,22.74059807390259,-0.7653614282608032,-0.5899861454963684,-0.25717347860336304
39.53815224852102,17.069596281629455,42.75679620357184,-0.5123040080070496,0.6941836476325989,-0.5056220293045044
19.032968565673723,2.186209772461109,2.7870126688140386,-0.37777572870254517,-0.9246960878372192,0.04714493080973625
17.991808604124824,5.870329228196438,5.7008400095961775,0.43638888001441956,0.895807147026062,-0.08422756940126419
42.353232320387455,9.475784218594459,32.203570958879254,0.51270991563797,-0.7846202254295349,0.3485679626464844
14.649792778902324,51.16666216883884,10.86238683517686,0.5556718111038208,-0.8229769468307495,-0.11805851757526398
22.30140826851092,33.92073385535282,54.17155781049038,-0.45942291617393494,0.256185382604599,0.850470244884491
5.791826422160287,46.97957611949391,4.881670162665946,-0.8289132714271545,0.5540811419487,0.07679109275341034
47.772483819440936,49.86865559027089,3.6882999261261316,-0.6782445907592773,-0.7331342101097107,-0.049985434859991074
23.91952521881423,55.88673467550878,5.993525463624087,0.25499528646469116,-0.963266909122467,-0.08422744274139404
49.08844519681649,13.390494575003615,16.368595882543552,-0.7616844177246094,0.6206140518188477,-0.18621231615543365
45.49416994747909,52.40384454716412,2.7755575615628914e-14,0.0,0.0,-1.0
7.816378642491662,13.818607421372779,20.482791817348055,-0.7964295744895935,-0.5674644112586975,0.20900726318359375
23.73269609680469,1.821685153887865,12.523191748522862,-0.2224894016981125,-0.9643767476081848,0.14309430122375488
7.761617929774251,10.233755008591945,2.7755575615628914e-14,0.0,0.0,-1.0
4.8306513160273274,43.29103214802287,14.404213163711491,-0.8597641587257385,0.4794263541698456,0.17594294250011444
41.864303504550485,8.885702651977548,21.96891554586355,-0.5114027857780457,0.8303920030593872,-0.22117021679878235
57.164154624129594,37.978233623812976,13.509149383617277,0.9464194178581238,0.2895072400569916,0.14309394359588623
56.1328429635843,16.084008452164436,2.9135278076146225,0.8708099722862244,-0.48558539152145386,0.07679114490747452
16.30939152004417,48.60072805842474,34.27642375270017,-0.5741829872131348,0.7408198714256287,0.3485681712627411
14.673184122233954,23.82745827386313,46.96950561727634,-0.7366265058517456,-0.29200980067253113,0.6100095510482788
32.5047683084039,40.45440700305031,49.11783950088044,-0.1704462617635727,-0.6850040555000305,-0.7083202004432678
57.49302722905995,32.32714382030353,17.944721854009757,0.9829010963439941,0.05430883169174194,0.17594316601753235
41.07691481071752,5.763585218364358,7.70994517577609,-0.44814473390579224,0.8861311674118042,-0.11805853992700577
55.849608470013095,33.72751822849599,9.76255670679553,-0.9812453389167786,-0.1523808240890503,-0.11805807799100876
55.14996807360784,25.506635092855955,14.211741342039414,-0.9722340106964111,0.17796187102794647,-0.1519560068845749
36.419866940012,32.77400409427435,54.88810332817841,0.4089343249797821,0.20157083868980408,0.8900235295295715
7.417995705307471,10.184540347515513,0.16973656277627214,-0.7642319202423096,-0.643216073513031,0.04714466631412506
20.111687394597695,57.88155204105106,2.5501752554410615,-0.3304184079170227,0.942656397819519,0.04714459925889969
38.57821922633054,11.610762870738347,40.71511484357261,0.35635122656822205,-0.8029478192329407,0.4777955710887909
54.5884683192974,38.17413649941286,11.302309047803101,-0.9420917630195618,-0.31388747692108154,-0.11805817484855652
56.22351222754334,24.087853003420943,1.6374918599403134,-0.9824272990226746,0.17982794344425201,-0.04998541995882988
57.0337693433504,31.150356632032913,20.42047009349635,0.9764247536659241,0.053951289504766464,0.20900720357894897
33.505179510118445,55.8918510863379,24.272464782181483,0.14131517708301544,0.9597878456115723,0.2425641417503357
1.0558298852388923,32.57414346836709,10.859079557217218,-0.9841634035110474,0.10462479293346405,0.1430944949388504
52.51589788502537,23.615147198033196,24.42396224098933,-0.9326784014701843,0.25292837619781494,-0.25717344880104065
39.72704045361868,11.634062230650402,33.19056736182483,-0.4185974895954132,0.8277080059051514,-0.37373197078704834
31.482711242530556,43.56105274408174,45.92160297923438,-0.12700240314006805,-0.786501944065094,-0.6043882369995117
44.45763479408313,4.682112565976403,9.351284988357483,0.4749743938446045,-0.8730779886245728,0.11015503853559494
20.680488796483413,1.94918573646568,6.983824413328342,-0.3006402552127838,-0.9473548531532288,0.1101553738117218
18.980784813965965,48.07058949663623,31.818991869823392,0.46037518978118896,-0.8228287100791931,-0.33317795395851135
58.36486219795419,21.230331265627154,0.31415639211862345,0.9634896516799927,-0.2635622024536133,0.04714508354663849
27.50068479852421,56.31890496530921,23.187237686123222,-0.09248227626085281,0.9657168984413147,0.24256531894207
56.08492690016221,21.808302370848907,19.455418292946526,0.9432591199874878,-0.258027583360672,0.2090071588754654
14.519948706046588,22.95128689235182,46.336596511297415,-0.7402965426445007,-0.36490505933761597,0.5646284818649292
49.89692944653795,22.252227173368997,38.19168098947491,0.8458452224731445,-0.30643177032470703,0.43662962317466736
19.645780808744117,50.45428900504596,26.395662042020753,0.39520394802093506,-0.8701272010803223,-0.2944358289241791
37.715345575656166,46.50744110087114,38.39645854101373,-0.35522276163101196,-0.8141247630119324,-0.4593665599822998
52.598265480661375,16.8928733924529,10.785848515312098,-0.8636466860771179,0.4900780916213989,-0.1180584728717804
54.89687906854607,35.35134586143801,14.360877421340247,-0.9605634808540344,-0.23286718130111694,-0.15195631980895996
20.951027143603127,21.231363071496332,51.37467699745263,-0.4599863886833191,-0.4552110433578491,0.7623617649078369
50.112201450464156,13.968743756894378,26.374036478947172,0.7533084750175476,-0.5965491533279419,0.2768670916557312
31.463875929861086,0.47368214795652874,6.6468648826233565,0.09504767507314682,-0.9925064444541931,0.07679098099470139
3.8074979626251833,21.11785014135756,19.48512067038586,-0.9351403713226318,-0.2860566973686218,0.2090073674917221
12.417723594820881,21.916575708390106,36.93026954567003,0.8200460076332092,0.3933781683444977,-0.4156658947467804
3.2004344422154594,17.610891296278083,7.474332469281103,-0.8914953470230103,-0.43943357467651367,0.11015535891056061
48.34167176040624,45.31824763868295,31.539324827521266,0.7268567085266113,0.6117591857910156,0.31213775277137756
23.07195214771785,0.9614413405501281,3.1308044074348453,-0.2241380363702774,-0.9715272784233093,0.07679086178541183
20.422358150607916,13.345352541377588,37.24771252265933,0.4653416872024536,0.7814596891403198,-0.41566556692123413
50.876080808725206,9.512936376208321,7.844438498939911,0.7270064353942871,-0.6777369976043701,0.1101551353931427
6.222571295263084,41.98813258298532,7.690309347629746,0.8834114074707031,-0.4534825086593628,-0.11805861443281174
58.58259039686497,30.399464058628446,11.998918589172167,0.9882017374038696,0.05460180342197418,0.14309431612491608
20.04636576579958,25.585344537974954,52.771502319983476,-0.5483035445213318,-0.21735577285289764,0.8075392842292786
26.738973685118058,2.2753431479732007,18.18366687773825,-0.1424492746591568,-0.967483401298523,0.2090073823928833
21.40500794477022,20.597979488171738,51.25237938041344,-0.44324856996536255,-0.5156229138374329,0.7332555651664734
36.988597233327674,52.28686491810181,33.06600162568298,0.28351056575775146,0.8933767080307007,0.3485682010650635
12.556346912088362,11.817496918447233,18.285045930979656,0.6968316435813904,0.6926403045654297,-0.18621237576007843
57.23482105625102,18.697408443188518,4.334352058408242,0.9374265074729919,-0.3396095037460327,0.07679134607315063
51.77091890531167,49.119127781616164,8.224653598248992,0.7604265809059143,0.6400135159492493,0.11015506833791733
5.1592206735291555,44.453431538692314,12.48033959210269,-0.8644007444381714,0.4820118248462677,0.1430942714214325
8.226680320000801,35.22547503112545,36.344398148318966,-0.8895648717880249,0.24333986639976501,0.3866006135940552
34.05289682979543,30.79864365113258,53.255314103834976,-0.3338117301464081,-0.08092501014471054,-0.9391596913337708
7.202223335991459,44.58933684481989,1.3268971059022574,0.8472386002540588,-0.528855562210083,-0.049985259771347046
52.91408313729349,32.47197783613036,33.98248026314579,0.9286603331565857,0.12684650719165802,0.3485683798789978
42.164551704117315,32.74187719322869,51.08872312578243,0.6641079783439636,0.14593300223350525,0.7332558631896973
23.4200670192304,32.35436214744994,55.04204387319247,-0.35722315311431885,0.1294144243001938,0.9250100255012512
47.27094883191872,19.020280782642768,33.6896759394056,-0.8067054748535156,0.45776715874671936,-0.3737318515777588
9.30896533078775,50.600708356259794,8.501130291248076,-0.6701135039329529,0.734039306640625,0.11015530675649643
11.201877771247709,53.08788826699734,0.265839040745532,-0.6119218468666077,0.7895118594169617,0.047145165503025055
41.664249875564124,53.06574954918646,11.719954664626517,-0.46968916058540344,-0.8696559071540833,-0.15195603668689728
44.95968421811439,8.528171028585492,11.313624857601125,-0.5896474719047546,0.7989856004714966,-0.11805858463048935
5.910313770868885,13.784267769933768,2.7755575615628914e-14,0.0,0.0,-1.0
8.59676045705969,20.403129557440742,25.543370658525234,0.8713017106056213,0.4179653525352478,-0.2571735382080078
40.336653493471246,51.63986889853922,31.332901796457115,0.4289035201072693,0.8477098345756531,0.3121374547481537
55.329749659028394,35.88923670180258,10.604471788089217,-0.9650527834892273,-0.2339555323123932,-0.11805883795022964
7.155397335426071,30.603610742081475,35.328555292775484,-0.9219509959220886,0.023381482809782028,0.386600136756897
34.403731639123876,43.49661689568192,49.28861023789006,0.2282191514968872,0.7191466689109802,0.6563109755516052
50.68810144424516,14.190277702800799,11.836241048371875,-0.7662410736083984,0.624326765537262,-0.15195614099502563
5.853601853048396,38.59686582878597,27.129582177157285,-0.9034486413002014,0.3272998631000519,0.2768670320510864
10.71780076640578,24.329549497025496,35.2140220000828,0.8914843797683716,0.2560861110687256,-0.3737318813800812
59.25033132454232,33.263651663507765,3.6098819838776297,0.9878742694854736,0.13493525981903076,0.076790951192379
6.848932129721824,21.921531594944433,31.065656731351613,-0.9084823727607727,-0.2779025733470917,0.312137633562088
25.258517024394916,53.97758474498929,20.07612951478136,0.1698034256696701,-0.9603386521339417,-0.2211705893278122
44.53201916366729,12.112388736769496,26.312354369380902,-0.6298312544822693,0.7187628149986267,-0.29443609714508057
55.698245711934604,28.777883046257987,12.94140644834509,-0.9882973432540894,0.013332102447748184,-0.15195609629154205
9.788021071078594,33.444883412158596,34.069172996472965,0.9185710549354553,-0.12865357100963593,-0.3737317621707916
17.288772205733345,8.302072558518224,18.475239175546125,0.5026871562004089,0.8441745042800903,-0.18621236085891724
50.20299556004553,39.33938213695927,28.078652282176755,-0.8782126307487488,-0.37689515948295593,-0.2944360375404358
25.997741586572566,7.126640531379045,26.322232555406938,0.1917209029197693,0.9362426996231079,-0.2944362163543701
18.173937062722153,32.18943011672363,51.77247229653885,-0.6359331011772156,0.11997239291667938,0.7623618841171265
16.36746533338066,41.4756150055152,44.85541502128962,-0.6037049889564514,0.5627924203872681,0.5646281242370605
1.617883171928617,23.12589816646649,10.131234123191529,-0.9707534313201904,-0.2133159637451172,0.11015470325946808
15.633252677554037,28.90406490158448,45.393521164776764,0.7963687777519226,0.022621240466833115,-0.6043881177902222
24.824687097332987,6.26120030170215,31.65958580126941,-0.2107035219669342,-0.9132930040359497,0.3485684096813202
56.73114562525386,17.354758983691838,3.1062770712004766,0.9070597290992737,-0.4139392673969269,0.07679133117198944
2.0680349611608255,39.32756250932334,7.038705260215673,-0.9344808459281921,0.3385430574417114,0.110155388712883
15.763906178999974,7.317122590312007,7.803706801261207,0.508057713508606,0.8531937599182129,-0.11805832386016846
50.65932826155616,12.908733124516562,22.20852618749638,0.7605418562889099,-0.6022776365280151,0.24256493151187897
27.877718942301957,3.4314562004027813,23.66144368870663,-0.06362754851579666,-0.9680463671684265,0.24256493151187897
5.0575797627909935,30.004330334892142,29.606683968810135,-0.9497314095497131,0.024087263271212578,0.3121379315853119
35.48014226038179,4.776219195455027,26.64793309799405,0.2438550740480423,-0.929451048374176,0.27686721086502075
17.62561869682321,5.960133068469245,4.758698189020039,0.43638888001441956,0.895807147026062,-0.08422756940126419
38.683278721699665,48.57717435016722,39.683440808075524,0.40615224838256836,0.8027421832084656,0.4366294741630554
5.825384599722513,46.691231096018555,7.132457619015148,-0.8263087868690491,0.5523402094841003,0.11015503853559494
18.566372907755426,52.83817412908911,14.717160608360974,0.4087335765361786,-0.899914562702179,-0.1519559919834137
29.490043093640498,2.845776770096304,1.9220411657318501,0.03438214585185051,0.9981579780578613,-0.049985628575086594
23.18121070999255,58.316908580984965,7.910277875505573,-0.2522309720516205,0.9613767862319946,0.11015555262565613
37.30310476257778,30.532747043574858,54.740388820034816,0.45522013306617737,0.025152474641799927,0.8900235891342163
36.68295066640656,19.59191303171094,47.726790570768735,-0.39573824405670166,0.6425808668136597,-0.6561105251312256
41.00380397193991,21.927686288750714,50.07279389500756,0.5909472703933716,-0.39501500129699707,0.7033807635307312
21.635266934285127,57.64973741994492,10.193120633354209,-0.2522309720516205,0.9613767862319946,0.11015555262565613
30.465364447996986,26.96511584418315,53.639985647269995,-0.053897958248853683,0.244589164853096,-0.9681276679039001
1.575617136441311,32.96954894869869,14.144934738877563,-0.9841636419296265,0.10462352633476257,0.14309373497962952
26.083289059854305,8.281809553743264,29.986370996741115,0.18915148079395294,0.9236961007118225,-0.3331775367259979
19.777021038835503,47.85193622314556,33.361191878651496,0.45289134979248047,-0.8094528317451477,-0.37373191118240356
25.29680974482073,16.864300739025673,46.038483264253,0.2877509295940399,0.7429094910621643,-0.6043880581855774
39.65898807115152,50.719946740333924,26.095538017198894,-0.3864634335041046,-0.8857244849205017,-0.2571733891963959
53.031105852677584,33.63958734277794,33.24580267659852,0.9286603927612305,0.12684744596481323,0.3485678434371948
17.171055349075175,52.61360018283642,25.278623051935114,-0.45920154452323914,0.8440844416618347,0.2768670916557312
14.885897754295868,47.74795235061472,25.14833742846687,0.6058847308158875,-0.7528382539749146,-0.25717371702194214
7.374995012854694,44.8567551549409,1.4259883299910436,0.8472386002540588,-0.528855562210083,-0.049985259771347046
25.380714126941687,3.569905254951271,23.027786033772273,-0.1413159817457199,-0.9597874283790588,0.2425651103258133
2.0188731378181313,29.96536535799062,17.67040527883547,-0.9840838313102722,0.02495807409286499,0.17594344913959503
21.88053731151303,55.653537389020784,1.5972543009256999,0.2555847465991974,-0.9654935598373413,-0.04998578131198883
12.678590604580835,44.462034208332575,27.851448524769634,0.7149499654769897,-0.6341560482978821,-0.29443609714508057
49.617802214464135,50.90167967142391,10.987034008084686,0.7034721374511719,0.696168839931488,0.14309406280517578
50.640107339760156,30.899983413516285,39.45082685361119,0.8982711434364319,0.04963187873363495,0.4366298019886017
38.81184650434573,47.872048374421425,40.8066792884552,0.3965945541858673,0.7838522791862488,0.477795273065567
7.069353761384386,31.27393155085943,26.988196147665967,0.9542061686515808,-0.05289489030838013,-0.2944362759590149
17.921293051908997,47.65561169378426,31.191709869068138,0.5276135802268982,-0.7814194560050964,-0.33317795395851135
53.52614428992195,12.611293284979965,2.7755575615628914e-14,0.0,0.0,-1.0
37.39659364890523,55.73403617399611,2.274520481997853,-0.24116066098213196,-0.9691970944404602,-0.049984823912382126
2.8821663291486597,31.965934247236717,1.0284677524058408,0.9972189664840698,-0.05527821555733681,-0.04998593032360077
16.546499059097734,20.831079816486913,42.73803747437287,0.7047602534294128,0.4976540505886078,-0.5056217908859253
46.73380384959376,50.53541882587327,5.750840670236074,-0.6131016612052917,-0.7855011820793152,-0.0842273011803627
52.97653442876071,11.786010582390698,6.946693689629149,0.7791838645935059,-0.6170399785041809,0.11015518009662628
23.928725163125755,56.4309715157827,20.45367220281767,-0.24817153811454773,0.945900022983551,0.20900718867778778
11.623884421809983,35.222245828556765,42.917003560484424,-0.8236075043678284,0.22529715299606323,0.5204919576644897
58.209641777694834,23.55101151833274,9.624476762724871,0.9766858220100403,-0.18425704538822174,0.11015529930591583
57.47335379879557,37.684329311523875,12.058740159457905,0.9464194178581238,0.2895072400569916,0.14309394359588623
11.312839258326491,49.32618588050367,3.7734184671050714,0.6891002058982849,-0.7229400873184204,-0.04998546466231346
55.41260189673011,29.267517487341358,14.842149604747746,-0.9882973432540894,0.013332033529877663,-0.15195614099502563
10.296092531684934,48.99488543605108,19.847517597885926,-0.7153026461601257,0.6668268442153931,0.2090073525905609
19.212757642349423,35.09745411438599,51.81141105112327,-0.5887433886528015,0.2686745226383209,0.7623616456985474
1.7747921836546992,32.75251097328147,15.425440024488793,-0.9788845181465149,0.10406231880187988,0.17594343423843384
49.18811398587179,47.92522870768723,8.188765694868247,-0.732973575592041,-0.6699342727661133,-0.1180584579706192
19.97101501589515,52.75943866870225,18.270929383213556,0.4063030481338501,-0.8945629000663757,-0.18621239066123962
13.779291568529873,11.77270010264251,31.46953302668508,-0.6193109750747681,-0.7204332947731018,0.3121374547481537
18.76545125266792,10.39387018771044,36.12221225135796,-0.48122507333755493,-0.7867417335510254,0.38660046458244324
17.11755137291955,11.356867199765654,35.97247002053008,-0.5429708361625671,-0.745468020439148,0.3866007328033447
53.14480119032252,20.506993285162217,28.615335732631976,0.8932273387908936,-0.3235969841480255,0.3121376931667328
42.883676036798676,56.165199894706255,6.501312242783605,0.45012789964675903,0.889656126499176,0.07679076492786407
15.616235288467319,50.027487824544004,19.55231756234907,0.5457277894020081,-0.808247983455658,-0.22117042541503906
36.48740485212629,53.09231273688784,21.811750675051393,-0.23548263311386108,-0.946378231048584,-0.221170112490654
26.47665112556483,58.015512974050765,14.48524031496957,-0.09384243935346603,0.9799171686172485,0.17594295740127563
53.442409552787254,19.131491663226896,12.662776870258604,-0.8974320292472839,0.41415590047836304,-0.15195591747760773
51.91896878824132,34.39825200766843,27.846476166195686,-0.9287686944007874,-0.2251581996679306,-0.29443588852882385
23.970469000301726,43.853818261270504,48.38505548737616,-0.3060579001903534,0.6896260380744934,0.6563112735748291
17.42655381269771,48.542034557061854,35.89888226734772,-0.5044847130775452,0.772033154964447,0.386600524187088
12.663625886033232,23.636321372591944,44.134900148183014,-0.7937727570533752,-0.314662903547287,0.5204921364784241
10.531219013473843,9.585591739881902,16.818752707229994,-0.6996984481811523,-0.6924349069595337,0.17594309151172638
37.64030188629353,55.21590804167699,7.75004015009762,-0.3195653557777405,-0.9401808381080627,-0.11805906146764755
43.78093292450611,51.16218881041818,27.315006017782878,0.5013980269432068,0.8197223544120789,0.27686697244644165
15.860856971768397,40.330111641673604,45.32071293700541,-0.6470340490341187,0.5123888254165649,0.5646278858184814
40.80373520939255,48.60023631120789,37.57139542708871,0.47555819153785706,0.7774766683578491,0.41155117750167847
36.268939797125306,7.6888275240969985,26.173047540021617,-0.28619933128356934,0.9230122566223145,-0.257173627614975
54.93589995779883,25.237341684056883,27.15773189217723,0.944252073764801,-0.17813722789287567,0.2768666744232178
29.139629086354045,55.868658619144504,25.339984669353235,-0.014336543157696724,0.9608014822006226,0.27686625719070435
35.06060792447281,4.433105802992931,25.769669960603075,0.16827392578125,-0.9460594058036804,0.27686721086502075
45.44934181776095,22.87859394401616,40.94437122873673,-0.78336101770401,0.36151355504989624,-0.5056218504905701
43.605135103881686,44.4166651722642,34.78888627684033,-0.6298843026161194,-0.6808598637580872,-0.37373197078704834
3.8859174568513257,32.76644921328459,11.494841226552882,0.9788334369659424,-0.13709257543087006,-0.1519562155008316
44.48896175176621,35.452645675773326,47.756000915598094,0.7366265058517456,0.29201024770736694,0.6100093722343445
10.568387808415102,36.43958645946831,40.42163068275377,-0.8259409070014954,0.29922038316726685,0.4777957499027252
0.4227553117714704,25.412191440567902,1.5064172710610864,-0.9896982312202454,-0.1351841688156128,0.04714445024728775
47.990232538307325,19.1745721389617,39.01066404940892,0.7857369780540466,-0.43814617395401,0.4366295337677002
27.44212575147284,54.18889237197144,20.515575380112423,0.08884792774915695,-0.9711796641349792,-0.22116996347904205
58.88140150141314,35.5685590658776,3.718647447436977,0.9738132953643799,0.21398793160915375,0.07679112255573273
24.2153235704617,31.709120821214277,52.61922107225881,0.41094669699668884,-0.13014601171016693,-0.9023219347000122
47.537859688103126,8.11836655494584,16.539502590642755,0.6030468940734863,-0.7780607342720032,0.1759430319070816
33.1478038443785,3.7168713312817596,9.636508550205114,-0.1317983716726303,0.9842212200164795,-0.11805851012468338
26.644321651854316,1.9171611874668277,16.139031957100936,-0.14339396357536316,-0.9739004969596863,0.175943061709404
7.535832797494292,30.0001967531616,28.693014578690224,0.9552857279777527,0.027136823162436485,-0.29443639516830444
27.385918277282258,42.03134831509196,47.579286270372975,0.13139888644218445,-0.7431374192237854,-0.6561106443405151
45.19481845057745,14.305882966455547,30.06207672932139,-0.6785499453544617,0.6546469926834106,-0.3331775367259979
43.48022884127692,14.613153322052009,33.84498230185248,-0.6112892031669617,0.6976029872894287,-0.3737320303916931
37.073205365087304,10.944465765187504,34.382909049411225,-0.3478688597679138,0.8598324060440063,-0.3737318217754364
21.346169605659817,48.43699398444736,33.82401571862069,0.3835700750350952,-0.8445107340812683,-0.3737320303916931
40.69741057987501,39.36961813804089,49.2342353558931,0.577247142791748,0.4858408272266388,0.6563112139701843
3.081523416018474,17.276104549203705,4.509725704986995,-0.8943049311637878,-0.4408194124698639,0.07679121196269989
56.49148198706809,31.964313924467966,5.478196394459136,-0.9939861297607422,-0.06998039782047272,-0.08422745764255524
4.3847564666345935,37.97307785732216,22.75306416791522,-0.9121240377426147,0.33044201135635376,0.2425650656223297
2.89850141649154,35.80365193116128,18.835260886984457,-0.9609628319740295,0.18129080533981323,0.20900750160217285
53.83168511557392,37.76340190990298,16.56160596595034,-0.9321324229240417,-0.310570627450943,-0.18621240556240082
14.08367927288291,42.176267600372455,41.06955951348832,-0.6886811852455139,0.5453709363937378,0.47779569029808044
3.5339843568223044,36.01052120433658,1.292398454147183,0.9740350246429443,-0.2208103984594345,-0.04998544603586197
7.250353406501804,15.739143206687752,7.099020120728161,0.8592097759246826,0.5046427845954895,-0.08422728627920151
5.8503401495853335,45.33687135526208,13.281378424362838,-0.8228124380111694,0.5500033497810364,0.1430942416191101
41.2923329579791,55.176627462632396,2.7755575615628914e-14,0.0,0.0,-1.0
6.223421776193524,47.66409290986834,4.06200151158656,-0.7816399335861206,0.6189847588539124,0.07679111510515213
4.24791513235828,25.793526923751454,12.937860399234037,0.9694725871086121,0.19243760406970978,-0.15195606648921967
51.6190337647905,11.581820862498011,14.273706457633502,0.7758876085281372,-0.6144286394119263,0.1430937945842743
15.636712974451086,4.38266634869096,9.039368613578494,-0.5186204314231873,-0.8478789329528809,0.11015517264604568
20.368707504193136,4.863371638934736,6.006009146605873,0.3598991930484772,0.9291815757751465,-0.08422717452049255
46.50510751692223,15.19464896955995,29.04899146690069,-0.7408782243728638,0.6036611795425415,-0.29443612694740295
5.214651083957661,40.01237774933898,6.7285122610508825,0.921440601348877,-0.3792794346809387,-0.08422748744487762
42.59643755117657,54.712644489025465,2.7755575615628914e-14,0.0,0.0,-1.0
58.680095807745026,35.89953420126126,5.349173926056585,0.9738132357597351,0.21398819983005524,0.076790951192379
55.5309995835603,39.00961693906542,20.235174677346606,0.909089982509613,0.3603765666484833,0.20900744199752808
32.749248626765855,38.21179400938747,53.984261185806716,0.15911154448986053,0.5013818740844727,0.8504703044891357
20.728476168723432,33.43662096749098,50.14502856527668,0.6005114316940308,-0.24718067049980164,-0.7604523301124573
51.181888509678174,15.460068378874455,26.410228443759507,0.7988685369491577,-0.5339980125427246,0.2768668234348297
31.525498356438344,35.738561339331504,52.513538491057986,-0.10408487915992737,-0.418307900428772,-0.9023219347000122
34.418352950325364,58.752756024054015,7.544313664145723,0.14478054642677307,0.9833129048347473,0.11015567928552628
9.284850418116806,8.406962914498216,2.818751104442884,-0.7099961638450623,-0.7026256918907166,0.04714467376470566
16.277164751918995,14.070284832205182,32.98621279781224,0.600820004940033,0.7066395878791809,-0.373732328414917
36.12528308147257,42.745675489574154,45.214278342389775,-0.37859344482421875,-0.7009866237640381,-0.6043878793716431
22.609278006280434,9.895480996472394,38.73020639908763,-0.27212414145469666,-0.8574981689453125,0.4366295337677002
6.21801669641418,38.725477766247636,28.166671100894654,-0.9034486413002014,0.3272998631000519,0.2768670320510864
18.262415296249277,45.25032001941556,42.421145504807605,-0.5381531715393066,0.6943357586860657,0.47779592871665955
14.84988176854611,8.007445232954218,8.437566844349934,0.5776691436767578,0.8076884150505066,-0.1180584728717804
55.78449818331773,15.934889950793469,5.920792455773688,0.8708099722862244,-0.4855853021144867,0.07679108530282974
13.490739674813542,10.678511772380242,17.097992092926802,0.6364291310310364,0.7485204935073853,-0.18621236085891724
54.23196054879837,45.80734862753048,8.791145085794922,0.8094602823257446,0.5767494440078735,0.11015502363443375
50.75042203499038,40.956383848263584,32.76056756443525,0.840700089931488,0.4143953323364258,0.3485683500766754
29.10256543978405,4.216248291411418,14.596179294728183,0.03402598574757576,0.9878013730049133,-0.15195617079734802
9.297250154365177,34.88976645324567,38.823400439217856,-0.8677601218223572,0.237375408411026,0.4366295039653778
35.623802198526064,12.335288637204375,38.41856188513499,-0.26306381821632385,0.8483982086181641,-0.4593668282032013
53.830136453625286,35.3269192228523,19.879908584314453,-0.9477819800376892,-0.2297675758600235,-0.2211700677871704
55.88222981268264,38.36900832454568,19.60102869190839,0.9351401329040527,0.2860574424266815,0.20900742709636688
28.81603649971319,14.191609649958645,47.78936476536824,-0.05197017639875412,-0.7906878590583801,0.6100096702575684
8.353461184139393,15.932311787452333,15.007333791474185,0.8073858022689819,0.570120632648468,-0.15195588767528534
19.108343313937215,53.953483698056374,9.013370852321074,0.4106447398662567,-0.9041200280189514,-0.11805891245603561
23.421652218711717,57.37344961791792,15.092786613398056,-0.2498171031475067,0.952174186706543,0.175942525267601
3.6087702265868113,31.70273033530736,24.451938448391484,-0.9646993279457092,0.10255467146635056,0.24256488680839539
46.887915002132395,51.29993299228426,19.647098601354138,0.6374837160110474,0.741572916507721,0.20900733768939972
3.4613948507506747,18.404068845146362,12.0981961679984,-0.9200547933578491,-0.3647235631942749,0.1430939882993698
13.001281574773117,9.171336383362858,6.700856670376323,0.6454572677612305,0.7591381669044495,-0.08422711491584778
42.1432322648192,53.756247247131874,3.4996699412193824,-0.47461336851119995,-0.8787739276885986,-0.049985457211732864
47.87289355080561,43.441070357857804,35.559183648022135,0.7510935068130493,0.5351622700691223,0.38660043478012085
6.796274424176321,25.723374790791194,24.902306143096112,0.9478720426559448,0.1881500482559204,-0.25717347860336304
16.125936430013926,55.01690633010732,12.454287305077937,-0.4729640781879425,0.8693843483924866,0.14309392869472504
27.226649788005776,3.4016473654272965,7.712512313265934,0.117108553647995,0.9860769510269165,-0.11805840581655502
42.20125762079894,32.68424244656984,47.28652335218959,-0.7334206104278564,-0.1778009980916977,-0.6561105251312256
56.434856652232746,24.017456448593748,20.484448805641172,0.9609627723693848,-0.18129080533981323,0.20900751650333405
15.019462252832806,14.310109298559984,31.16442625759995,0.6687140464782715,0.6646910905838013,-0.33317750692367554
17.335375222286434,22.423425634890187,49.15337973310564,-0.6477062106132507,-0.38695257902145386,0.6563112139701843
51.71139620850269,18.5692542926315,30.13948156338836,0.8297519087791443,-0.4626898169517517,0.3121376633644104
44.30698315169601,45.40191441571685,31.691676454320397,-0.6402930021286011,-0.6921108961105347,-0.33317771553993225
54.813758809304645,23.991560399674327,26.75211711877805,0.9268559217453003,-0.2535407841205597,0.27686670422554016
37.11799303173786,55.83373218310442,1.6855893174587164,-0.24116066098213196,-0.9691970944404602,-0.049984823912382126
27.026416070764114,0.17604428274493394,0.6728936539587975,-0.06551267951726913,-0.9967373609542847,0.04714513197541237
50.97024091494133,18.361706567895386,31.77625645888961,0.8186130523681641,-0.45647886395454407,0.34856805205345154
55.919995324320084,30.95135169068834,25.10040622391721,0.9686576128005981,0.05352206528186798,0.24256496131420135
17.917203809196398,41.181439350827674,46.7737571425691,-0.5796027779579163,0.5403234362602234,0.6100091934204102
26.885437086724124,44.66094280871108,44.134876059603954,0.1449543535709381,-0.8198046684265137,-0.553993284702301
25.04991114003888,54.90665952215915,27.143476838776884,-0.16827477514743805,0.9460594058036804,0.27686673402786255
40.2476674370795,55.94285433886189,15.96221444465907,0.37229782342910767,0.9112838506698608,0.17594343423843384
30.192644534725822,0.8228483811280807,9.99065435952694,0.0148297855630517,-0.9938037395477295,0.11015518754720688
37.50914751329881,45.456719709458824,45.40982073050929,0.3726107180118561,0.7364485859870911,0.5646279454231262
49.793314971972706,31.379850148263127,41.05488468124829,0.8771330118179321,0.048463936895132065,0.47779595851898193
55.66974373896945,24.672799926916888,9.45268914272838,-0.9767777919769287,0.1787942796945572,-0.1180584505200386
41.801838220755556,54.15383689350334,2.7755575615628914e-14,0.0,0.0,-1.0
7.314523714619503,44.642937417056764,21.741801657397165,-0.8065392374992371,0.5391258597373962,0.2425650805234909
46.833589007319226,23.088507491415463,44.06856221845073,0.8028078675270081,-0.29083943367004395,0.5204920768737793
18.973483706483638,57.09457941599351,7.160259484520677,-0.4031807482242584,0.9084663391113281,0.11015532910823822
52.937084812653715,44.693638135720214,19.37121006175073,0.8395090699195862,0.5015380382537842,0.20900751650333405
7.809757213373908,49.28388000150493,6.725008832340169,-0.7270063161849976,0.6777371168136597,0.11015541851520538
21.423975744490335,55.094323043320564,6.957921660034481,0.3347036838531494,-0.938551664352417,-0.08422723412513733
51.246314967678416,48.54206410888121,14.11556885201772,0.757209300994873,0.6373054385185242,0.14309413731098175
50.984680087559134,37.14877476042798,28.365952791870193,-0.9066703915596008,-0.30208635330200195,-0.29443609714508057
28.07271084408376,36.903259073803596,51.90335341784094,0.13099537789821625,-0.49484702944755554,-0.8590498566627502
12.58237291769923,13.098855125828088,22.478456493959904,0.691672682762146,0.6875118613243103,-0.2211703211069107
17.395974142139266,3.0364622438370206,4.7878117399915885,-0.45012757182121277,-0.8896562457084656,0.0767914205789566
26.872333698480194,37.13306820270931,54.548267793566175,-0.18494145572185516,0.41671913862228394,0.8900234699249268
7.7321230828936205,43.165255411041265,26.207777577070026,-0.8392468690872192,0.46798446774482727,0.2768667936325073
36.759604008648026,54.81575358975172,12.685444125949434,-0.23865704238414764,-0.9591413140296936,-0.15195627510547638
48.543463768465976,52.862008458437295,2.9610878603496413,0.6499561667442322,0.7560820579528809,0.0767911970615387
22.15456081069683,49.20778671883779,39.47377149412354,-0.29758742451667786,0.848997175693512,0.4366297423839569
16.81366949023183,5.134418561925664,17.073058715951905,-0.4444178342819214,-0.8783716559410095,0.17594340443611145
12.182266260735252,39.17075721060657,41.15497598225055,-0.7672467827796936,0.42783603072166443,0.47779566049575806
41.59954538688534,56.307605309480806,10.43712327078951,0.37589526176452637,0.9200915694236755,0.11015540361404419
10.172905960619234,40.83120858569338,27.944424999614668,0.8501964807510376,-0.4364326000213623,-0.2944360077381134
5.682355109599339,29.736025372610996,21.98209006040156,0.9748420119285583,0.027692018076777458,-0.22117015719413757
27.42301551878248,30.304084710330574,56.0,0.0,0.0,1.0
56.68864619764213,27.788639973704885,2.960417641919896,-0.9940293431282043,0.09698992222547531,-0.049985624849796295
31.714029045514213,0.15120815812902225,1.7517466634803673,0.09522327035665512,-0.9943389296531677,0.04714522138237953
17.354606085396743,50.28607119595075,22.838809805507665,0.4718506336212158,-0.843337893486023,-0.2571735084056854
41.806318252100816,46.54184077313958,33.595357533835404,-0.5707018375396729,-0.7311796545982361,-0.37373214960098267
19.837879993723472,50.11772276728823,27.648136034844455,0.3952047824859619,-0.8701266646385193,-0.29443633556365967
16.681753947111236,53.49933263681358,0.0326101305049491,0.48766249418258667,-0.8716000914573669,-0.04998570680618286
11.177550583773373,48.82832709622473,6.9350826916768025,0.6875110864639282,-0.7212726473808289,-0.08422733843326569
50.57577291241598,36.01830756232831,30.62618804454763,-0.8945200443267822,-0.2980380654335022,-0.33317747712135315
51.619334354681264,26.52981171534756,36.91563841887889,0.906261146068573,-0.17097049951553345,0.3866003751754761
2.1209591107046455,35.04909811125346,2.7755575615628914e-14,-0.0,0.0,-1.0
17.23315180936598,10.832966271582555,27.07067946244757,0.5559494495391846,0.7773208022117615,-0.29443609714508057
2.919353967651893,21.653604703948883,15.880127607688308,-0.9413430690765381,-0.287953644990921,0.17594291269779205
21.079980073386082,30.09845197826973,50.944976078053294,0.5838836431503296,-0.03236706554889679,-0.8111918568611145
39.72809351132443,46.390293049099334,42.39128865120098,0.45838311314582825,0.749397337436676,0.47779548168182373
34.135197093923644,7.55582039880331,35.33616767511947,0.16150373220443726,-0.9079958200454712,0.38660070300102234
42.26950928309781,12.335971835667365,38.18741320248334,0.49211886525154114,-0.7531094551086426,0.4366292953491211
46.92988086675098,12.341086591297543,20.626388728109664,-0.7018463611602783,0.6771228313446045,-0.2211703211069107
23.994562366481603,49.756440425136496,33.06403548707801,0.2373601347208023,-0.8966519832611084,-0.37373170256614685
21.537847527803613,10.405466246690844,32.118390629626155,0.3405463993549347,0.8792160749435425,-0.33317747712135315
57.48241342477638,27.814634107589804,18.195657349388217,0.9724345207214355,-0.10337768495082855,0.20900753140449524
45.19474407283504,34.125869560021115,47.4312021877002,0.7577348351478577,0.23178912699222565,0.6100096106529236
16.17885986651283,35.89128218285244,48.682294953983344,-0.6863950490951538,0.3132375478744507,0.6563109755516052
54.0893868536189,46.88699076346109,3.084563264390415,0.8120118975639343,0.5785670280456543,0.07679141312837601
54.38326287650175,24.659290015926395,17.59212077143286,-0.9664523005485535,0.17690356075763702,-0.186212420463562
21.522478799584274,51.21386856568604,26.58360495030985,0.3210080564022064,-0.9001451134681702,-0.2944360673427582
37.08960159866238,56.278814632225384,19.623502578733106,0.29580041766166687,0.9321039319038391,0.20900806784629822
9.424723326899693,45.279128717450966,26.925994300230233,-0.7533087134361267,0.5965489149093628,0.2768670916557312
48.93540686705179,8.571561174375024,13.090467850620762,0.6672784686088562,-0.7309333086013794,0.14309418201446533
37.70599839433108,50.510140728067924,29.238522386136786,-0.3075510859489441,-0.9048313498497009,-0.2944360673427582
9.702940356604094,44.311923345490044,29.572198236723377,-0.7898302674293518,0.5279567837715149,0.31213733553886414
1.9219239879565568,38.349194841049616,8.571472978588806,-0.9586922526359558,0.26224973797798157,0.11015539616346359
54.04482132760189,17.88360503807324,1.7064351621311267,-0.9068412184715271,0.4184979200363159,-0.04998559504747391
12.061705378842575,9.899723647884942,6.065554777128007,0.6454570293426514,0.7591383457183838,-0.08422728627920151
57.770784685797466,27.628167839519424,16.498474258936994,0.9788845181465149,-0.10406311601400375,0.17594297230243683
0.14965512600631117,27.54598817705653,0.9450289728653165,-0.997366726398468,-0.05510900169610977,0.04714427888393402
23.3791745565747,15.754463166726445,43.5876652601643,0.3645985722541809,0.7484381198883057,-0.5539930462837219
12.982490859622022,40.97952515914341,34.452862328769484,0.7868285179138184,-0.4911467134952545,-0.37373217940330505
30.045450417123845,48.52338552081016,43.404786286799094,-0.012739740312099457,0.8537712693214417,0.5204923748970032
6.723648625035518,47.945222475176806,6.828900406066847,-0.7791840434074402,0.6170397996902466,0.11015518009662628
46.168996531094656,18.444814427591655,35.15394205160323,-0.765571117401123,0.5236653089523315,-0.3737318515777588
28.383639026194754,54.34860787833072,20.192468642595724,0.08884792774915695,-0.9711796641349792,-0.22116996347904205
21.432089105403694,53.16420140940983,19.08491261189147,0.32757920026779175,-0.9185725450515747,-0.22117029130458832
54.91342670771069,36.31087885956184,12.785829342459973,-0.9605638384819031,-0.2328660637140274,-0.15195566415786743
15.699446471605382,3.5916379171155857,0.29266016720168553,-0.4509582221508026,-0.8912990689277649,0.04714493080973625
52.21388424709167,16.13310066314172,24.662118955420322,0.8065395355224609,-0.5391255021095276,0.2425648719072342
33.13483008937217,0.20631477619992525,0.044281874827072354,0.09522326290607452,-0.9943389296531677,0.04714522883296013
36.36953183630043,4.0836427703450715,7.719880735879135,-0.2136928141117096,0.9697409868240356,-0.11805833876132965
52.60117615556289,36.632079194321015,32.54251843227217,0.8962867856025696,0.27417221665382385,0.348567932844162
44.73574508002492,44.60947297443408,32.50767693939269,-0.6959614157676697,-0.6361055374145508,-0.33317774534225464
11.234794239542113,35.412841626450415,36.29516821229853,0.867073655128479,-0.274600625038147,-0.4156653881072998
40.47344732357656,57.3618569685311,4.937913984580046,0.37708020210266113,0.9229916930198669,0.07679066807031631
55.628760186579115,33.44446505931031,25.324831945831896,0.9520679116249084,0.13004347681999207,0.276867151260376
33.32230584478754,50.84309469432102,31.579746632686415,-0.15030498802661896,-0.9308066368103027,-0.33317774534225464
22.651770907907007,56.95122325968825,16.284671614832014,-0.24981653690338135,0.9521742463111877,0.17594285309314728
37.90139856132404,2.8506446156674463,15.776098200014427,0.24981653690338135,-0.952174186706543,0.1759433001279831
41.79992696113778,5.464602638349646,20.9225979556727,0.39668986201286316,-0.8938417434692383,0.20900733768939972
12.854129696861229,48.57453688720309,16.54395933089585,0.6778952479362488,-0.7111841440200806,-0.18621264398097992
51.22093671928876,15.730589391579043,26.81931811344228,0.7988685369491577,-0.5339980125427246,0.2768668234348297
1.6930048595992253,20.636429089157506,3.8222868399611434,-0.9534364938735962,-0.2916537821292877,0.0767914354801178
5.2921740508022515,38.084038996064535,12.899946528418978,0.9422630071640015,-0.29841211438179016,-0.15195609629154205
7.477658243709672,45.35426888180604,20.53098286066887,-0.8130063414573669,0.5434487462043762,0.20900742709636688
54.168207011545405,18.89551549936488,6.243033629622506,-0.9047494530677795,0.4175335168838501,-0.08422708511352539
57.19122135319929,37.255445095881896,14.712749996327593,0.9413427710533142,0.28795430064201355,0.17594340443611145
49.851243096598246,17.202284575563464,23.923421098427074,-0.7976194620132446,0.5455867648124695,-0.2571735382080078
22.315344301877513,1.0987933965280015,2.5526400262423308,-0.22455187141895294,-0.9733210206031799,0.04714471101760864
48.44589072480512,29.98390447289193,43.53942863508322,0.8535918593406677,-0.021648207679390907,0.5204923152923584
27.32237744355932,53.95419319912148,31.181514866091543,-0.09056591242551804,0.9457101225852966,0.312138170003891
51.480560258011884,40.40671435214996,22.253834286794575,-0.8608645796775818,-0.4582531750202179,-0.22117002308368683
50.98262204282975,33.61300722136403,31.066087008296062,-0.9316964149475098,-0.14468692243099213,-0.3331778645515442
34.12993620649159,8.336793926512755,29.83702987325318,-0.20290234684944153,0.9207732677459717,-0.3331775367259979
9.645395867640604,37.25324103673185,31.03811673802763,0.8718913197517395,-0.3588848412036896,-0.33317744731903076
18.80466048888971,52.25522797486238,28.999981321271665,-0.3853820860385895,0.8683611154556274,0.3121372163295746
46.52459036047143,12.998177388694307,23.746866911900632,-0.6954630017280579,0.670964241027832,-0.2571735978126526
40.99929915022289,44.374682071540946,43.98863905847951,0.5027119517326355,0.6901944875717163,0.5204923152923584
58.70076275961363,27.2708726108399,10.276921643708032,0.9883453249931335,-0.10506857931613922,0.11015509068965912
10.78909013220993,48.98627231727768,1.4691681046673817,0.6891002058982849,-0.7229400873184204,-0.04998546466231346
18.929823562106957,7.659316258228425,29.803902096911962,-0.4289039969444275,-0.847709596157074,0.3121374845504761
7.914418394411213,23.018911225202793,26.537480619590053,0.9185251593589783,0.26385417580604553,-0.29443588852882385
55.181248078419436,21.467502800335286,6.213538207815864,-0.9365149736404419,0.3403608202934265,-0.08422737568616867
2.6048494422057726,35.999028675961526,17.160851491738832,-0.9673367738723755,0.18249261379241943,0.1759432554244995
58.23023302122727,38.548085082951694,2.1167153780330517,0.9551968574523926,0.2921922206878662,0.047144804149866104
8.188699101940434,23.057683368002373,35.35458478621784,-0.8819084763526917,-0.26977330446243286,0.3866002857685089
59.188121878563,33.23404631842483,4.46219049460678,0.9878743290901184,0.13493457436561584,0.07679137587547302
51.27383937410441,15.091158243653574,12.02302969995602,-0.8157963156700134,0.5580193996429443,-0.15195614099502563
3.57893806888684,35.73709835331156,3.3762128829230464,0.9740351438522339,-0.2208097279071808,-0.0499858558177948
18.429683563849522,16.481351258117144,40.10223789823054,0.5753698945045471,0.6767063736915588,-0.45936694741249084
4.800777461471358,36.48607705050767,12.921123923187656,0.9639288187026978,-0.21851873397827148,-0.1519564688205719
29.60754217903798,4.930441648203587,29.2274415316045,0.01417499128729105,-0.9499311447143555,0.31213757395744324
27.457319970637307,57.57182099888059,17.479456310668713,-0.09384303539991379,0.9799171686172485,0.17594259977340698
55.95416610032099,36.58208155668719,1.9751578512808194,-0.9706345200538635,-0.23530839383602142,-0.04998568817973137
16.04738510533737,33.830229070623226,45.222849126440494,0.7595118880271912,-0.24053457379341125,-0.6043879389762878
48.95024137965679,43.6806870746738,32.96177160327495,0.7633395195007324,0.5438870787620544,0.34856802225112915
38.84750087138682,45.426907642105725,39.22938874451674,-0.4221014678478241,-0.7815450429916382,-0.45936664938926697
4.307356006919379,21.684698006573523,5.048996488618424,0.9577155113220215,0.27511221170425415,-0.08422721922397614
35.910282013313854,4.5738934142198655,25.589866337811376,0.24385565519332886,-0.9294509887695312,0.2768668830394745
23.074924668017182,58.843674088531856,0.6235525821604488,-0.2534931004047394,0.9661876559257507,0.047145310789346695
3.828418716622849,22.816158169547087,2.9675752648389726,0.9599294066429138,0.27574801445007324,-0.04998568072915077
56.44962093041147,38.4717872987343,16.689804320342855,0.9413427710533142,0.28795430064201355,0.17594340443611145
25.59023203194003,5.711791723890675,30.489840858235397,-0.13838842511177063,-0.9399036169052124,0.31213754415512085
30.357128675252806,57.529043634223775,18.301024393120606,-0.014590911567211151,0.9778051972389221,0.2090074121952057
41.48164615731372,5.0949935741284635,19.94601408265029,0.39668986201286316,-0.8938417434692383,0.20900733768939972
35.455586932507806,32.62550608635728,55.291202833059266,0.34079107642173767,0.16798186302185059,0.9250100255012512
42.798655595895916,29.166163676172637,50.78062501960717,0.7105849981307983,-0.018021337687969208,0.7033805847167969
0.7451359647879856,31.65395283824635,8.97636696810609,-0.9935949444770813,0.025198498740792274,0.110154889523983
34.08197980299114,14.767416787788058,43.33762883365,-0.24655994772911072,0.7951729893684387,-0.5539928674697876
8.143120159454362,41.303320174319374,20.254601710984694,0.8676010370254517,-0.44536739587783813,-0.2211703509092331
18.91077871794474,2.634825656843351,2.7755575615628914e-14,0.0,-0.0,-1.0
15.48933134673122,7.806384388710201,10.157927352965434,0.508057713508606,0.8531937599182129,-0.11805832386016846
31.75998402705265,56.503276913758086,5.510859534063256,-0.07597585022449493,-0.9935458898544312,-0.0842273011803627
58.52854952749099,23.255169325567028,6.129498155386759,0.9797644019126892,-0.1848374903202057,0.07679105550050735
43.90361774791541,13.460115193230491,30.767095624118223,-0.6213908791542053,0.7091305255889893,-0.3331775665283203
55.25826749685839,29.91045509527462,27.519546733623645,0.960599422454834,-0.024362077936530113,0.2768669128417969
35.91473745797875,17.5956838139536,46.12419857121156,-0.3595465123653412,0.7109439373016357,-0.6043881177902222
23.34115940379639,9.123160812561892,37.65135432375299,-0.27567651867866516,-0.868693470954895,0.4115508198738098
31.64267751403344,37.59475366158455,51.49532638849001,-0.12360216677188873,-0.49674519896507263,-0.8590498566627502
3.2496591005426287,29.46418671612374,7.411148614228999,0.9960447549819946,0.02829456329345703,-0.08422750234603882
10.66003020065709,12.375578735031471,12.763226190703197,0.7568473219871521,0.6356819868087769,-0.1519559770822525
45.05534320086332,28.60139367884915,43.90119093460459,-0.8285864591598511,0.08084730058908463,-0.5539929866790771
4.922485715636417,41.41256519250734,19.322853772078187,-0.8896538019180298,0.40599536895751953,0.2090069204568863
11.530681218121345,52.73181666193462,7.2740449896259145,-0.608875572681427,0.7855802774429321,0.1101551428437233
3.5193188721798725,26.235852273696832,23.320085649829842,-0.9612098932266235,-0.13129355013370514,0.2425646036863327
51.644496702164226,26.96351198239396,29.63016875773166,-0.9384076595306396,0.09156325459480286,-0.33317747712135315
21.50287139670411,6.983649132111637,21.226231233045805,0.3522385060787201,0.9094018936157227,-0.22117023169994354
47.414723152585964,8.19494085347169,17.30018410249485,0.6030468940734863,-0.7780607342720032,0.1759430319070816
21.306576774339405,10.646903000035923,32.48568852319104,0.4129228889942169,0.8476364016532898,-0.33317747712135315
26.447580589631677,59.30558338365232,2.7755575615628914e-14,0.0,0.0,-1.0
52.81299290381662,36.137906216091075,32.38656602586125,0.8962868452072144,0.2741715908050537,0.34856829047203064
9.445509144867023,27.532412188181514,40.12524281301714,-0.8913647532463074,-0.12175270169973373,0.4366293251514435
58.097307161228784,34.41429971125313,12.777923654522155,0.9806037545204163,0.1339416205883026,0.14309389889240265
50.294950657103186,43.361159628741824,30.37500409605999,0.7737259268760681,0.5512875318527222,0.3121381103992462
4.165088236467005,21.76649203345391,3.6424791286117997,0.9599294066429138,0.27574801445007324,-0.04998568072915077
8.624832683778848,21.487758086168668,35.088973718636424,-0.8573406934738159,-0.3398630917072296,0.3866005837917328
15.769476929184483,32.0933742566244,45.36576511374871,0.7889890074729919,-0.11050345003604889,-0.6043883562088013
53.94973485179721,47.322126925276955,0.30512359810390377,0.813511073589325,0.5796353816986084,0.04714475944638252
20.15946902765347,48.139870221756624,33.201020046123915,0.45289134979248047,-0.8094528317451477,-0.37373191118240356
40.77783517900744,19.490469700676357,44.222883311626205,-0.5991397500038147,0.5780341029167175,-0.5539928674697876
22.91036014276097,50.19030724634827,31.010681314930718,0.31670573353767395,-0.8880822658538818,-0.3331776559352875
16.750624815559952,43.76163034185258,36.96271474827227,0.627532958984375,-0.658349871635437,-0.41566550731658936
48.71969501185389,18.774457205373622,37.25032414438672,0.7959955930709839,-0.443866491317749,0.4115501940250397
32.38229542464355,5.244456806077654,29.76516429346504,0.09056631475687027,-0.945710301399231,0.3121374249458313
5.7344913517841825,30.263316067838012,22.23830817486101,0.97374027967453,-0.0539778396487236,-0.22117015719413757
49.93058030552036,45.77960961792198,26.719311049442464,0.735174298286438,0.6187595725059509,0.27686694264411926
30.7879314036524,48.18737500116956,43.90922584816451,0.05600236356258392,0.8520278334617615,0.5204923748970032
8.579712449664365,46.20470823371063,4.5296152019100475,0.7981687784194946,-0.5965168476104736,-0.08422727882862091
46.50562873361799,54.40163822413375,2.730049653699452,0.5880930423736572,0.8074180483818054,0.047145213931798935
18.97574470628894,31.13818780378275,52.57283077602637,-0.5865088105201721,0.06235041096806526,0.8075394034385681
29.1935280276579,22.412239276786206,51.810701417477276,0.060369133949279785,0.5083195567131042,-0.859049916267395
56.22604866511828,29.579912467837154,23.973107220257262,0.9698233008384705,-0.02459612302482128,0.24256496131420135
17.177762086109713,11.863396671020803,37.03375730600501,-0.5429704189300537,-0.7454684972763062,0.3866003453731537
40.794224895661934,6.071677593904443,24.88887038645905,0.39353445172309875,-0.8867316246032715,0.24256481230258942
47.36033492657696,45.24000977201944,33.698511946998906,0.7170993685722351,0.6035469174385071,0.34856799244880676
23.385636490234354,48.672931841100464,35.15711605982855,0.31155797839164734,-0.8736452460289001,-0.3737320601940155
52.710704070174316,33.48568833193769,25.744677261204547,-0.9549192786216736,-0.14829275012016296,-0.25717389583587646
54.00203892067947,33.29959941665504,20.767866517020842,-0.9636842012405396,-0.1496543139219284,-0.22117047011852264
27.829097767381736,26.495290842425405,53.39290918879364,0.12814287841320038,0.2151934951543808,-0.9681276679039001
48.387915821308766,8.980675435943942,2.7755575615628914e-14,0.0,0.0,-1.0
38.8773422805742,35.311691927478435,49.476341535514784,-0.5456916689872742,-0.35204052925109863,-0.7604525685310364
18.570712332877402,28.80743921925055,48.76956731459133,0.7014549970626831,0.07901664823293686,-0.7083200216293335
52.45272133825782,44.58412388003242,1.4025869279419863,-0.8392593860626221,-0.541428804397583,-0.04998569190502167
32.88376605725901,12.246393310520428,44.76891610297019,0.14453496038913727,-0.8125916123390198,0.5646278262138367
23.266528148957523,52.98828196181026,22.3153281400967,0.24956674873828888,-0.9427619576454163,-0.22117029130458832
46.42834815549504,39.711404813954054,42.34509917057156,0.7541400790214539,0.4505375325679779,0.4777956008911133
58.66018067146985,33.20371449909115,2.7755575615628914e-14,0.0,0.0,-1.0
36.26654494306209,13.770017251132732,40.589477773683065,-0.32357317209243774,0.7997791767120361,-0.5056220889091492
49.70081848569439,45.456283124213535,28.05199660125355,0.735174298286438,0.6187595725059509,0.27686694264411926
47.097193617468655,7.385307835577427,14.808135324167147,0.6030468940734863,-0.7780607342720032,0.1759430319070816
38.20372843982963,49.75360789109314,30.706618913415376,-0.37706512212753296,-0.8641843199729919,-0.3331776559352875
52.63491810615356,18.886870791781107,27.962652819728593,0.8741824626922607,-0.3989357352256775,0.2768668830394745
53.569651452235846,17.815190959009634,7.317184787034294,-0.9047496914863586,0.41753292083740234,-0.08422746509313583
5.4604981315287,21.629685991410323,14.144743242892893,0.9238033890724182,0.3514208197593689,-0.15195618569850922
57.42933496473713,28.135345246880387,18.556763857172886,0.9775996804237366,-0.024793341755867004,0.20900753140449524
2.152294729513128,27.901460931102704,18.026185428384593,-0.9829009771347046,-0.05430883541703224,0.17594364285469055
28.081482524677607,7.249022430989494,27.559124579383873,0.1127057746052742,0.9490020871162415,-0.2944358289241791
39.106560089698505,58.15375680526049,0.10990246999949171,0.30214518308639526,0.9520953297615051,0.047145966440439224
42.08930930341289,39.20726656637895,48.1116482260653,0.6453391909599304,0.4598105251789093,0.610009491443634
22.17841474612577,2.399519811930227,13.92090325947284,-0.29936739802360535,-0.9433467984199524,0.1430942863225937
12.52218362694914,6.647178993474935,10.675855002431796,-0.5826883912086487,-0.7999990582466125,0.14309372007846832
43.78745624107886,15.071532425591606,34.198075966918914,-0.6112892031669617,0.6976029872894287,-0.3737320303916931
58.84304530151604,33.210099322022025,8.257574992203187,0.9847704172134399,0.13451074063777924,0.11015506088733673
49.8374796604072,37.756591775446196,38.04404112103535,0.836326003074646,0.3315320312976837,0.43662944436073303
7.564187597385181,48.24973173272191,10.949566104553226,-0.7758870124816895,0.6144293546676636,0.14309421181678772
54.37155895222062,40.213858925764804,6.639981903776421,-0.9156832695007324,-0.39297568798065186,-0.08422746509313583
19.400005254376214,53.503426252820766,13.019713497202401,0.4087335467338562,-0.8999146223068237,-0.1519559621810913
30.06814986049049,59.30873512933205,5.457593587687704,-0.014875415712594986,0.9969362020492554,0.07679137587547302
39.39252709615094,38.70302899211102,46.8851290549124,-0.557045042514801,-0.5091362595558167,-0.6561105847358704
16.943474473304008,40.2223942575878,46.643531956046466,-0.62120121717453,0.49193239212036133,0.610009491443634
28.977964623400393,2.5938903761601795,20.418917276633564,-0.06413741409778595,-0.9758085608482361,0.20900729298591614
54.07863931335735,17.191669321698786,19.95653518142088,0.8540995717048645,-0.4762667119503021,0.20900708436965942
33.51705401158077,43.75350051841241,49.304521573544086,0.16961102187633514,0.7351791858673096,0.6563106179237366
28.47607631976765,59.615977474434075,0.10537471402160303,-0.01490411814302206,0.9987768530845642,0.047144565731287
48.13731807871674,23.961395748384177,36.74043300650765,-0.8548142910003662,0.31066805124282837,-0.4156656265258789
0.7431152597766641,36.083738314646155,1.3554500715147728,-0.9815731048583984,0.18517965078353882,0.04714573174715042
32.18595962067759,55.06953312351151,16.207445259990074,-0.07491324096918106,-0.9796493649482727,-0.18621256947517395
39.608828503395564,12.985185735923785,36.16917620841965,-0.47694140672683716,0.7744345664978027,-0.4156656861305237
27.091070356198998,55.97661702107858,9.946460744335937,0.09046700596809387,-0.9888770580291748,-0.11805877089500427
40.18067864705219,54.97857508197018,20.60843878566711,0.3698430061340332,0.9052801728248596,0.20900700986385345
58.003571909527345,21.53530862063211,6.808248435828758,0.9586923122406006,-0.26224958896636963,0.11015529185533524
16.323924552340127,37.38560127340606,48.04409824547439,-0.6920678615570068,0.3859148919582367,0.6100096702575684
2.6372260702874484,20.415065709547534,11.863788813815923,-0.9464191794395447,-0.2895078957080841,0.143094003200531
52.52130688999879,30.087710180816643,35.35585034888359,0.9219507575035095,-0.0233824010938406,0.38660064339637756
14.69779297739045,32.225080211729804,43.83019788408229,0.8244740962982178,-0.11547420918941498,-0.5539929270744324
33.007473904571505,53.05908426181069,24.73809062593174,-0.15405131876468658,-0.9540073275566101,-0.2571733891963959
42.854967137303404,4.280921008494863,12.49281422883133,0.47296464443206787,-0.8693839907646179,0.14309406280517578
21.39397526487489,3.527511180933443,18.599106925282864,-0.2957998514175415,-0.9321042895317078,0.20900718867778778
56.771269687111996,29.135095191367114,2.71718723463247,-0.9983623623847961,0.013467072509229183,-0.05559913441538811
45.91968635318035,11.33209604747203,20.330173273498673,-0.6427246332168579,0.7334772944450378,-0.22117003798484802
3.7769828946680515,15.47929945185761,1.6895425427712143,-0.8575142025947571,-0.5122955441474915,0.04714501276612282
39.77349842701367,18.953092223368362,48.91096121536483,0.5086899995803833,-0.557216465473175,0.6563110947608948
45.489137021286204,18.40601711798357,36.38153346862602,-0.750698447227478,0.5134921669960022,-0.41566529870033264
53.17334209967723,12.036875469552566,6.959803403487554,0.7791838645935059,-0.6170399785041809,0.11015518009662628
27.194598052486395,48.72430365014761,42.78806857594001,-0.1495295614004135,0.8406715393066406,0.5204923152923584
25.742922456320382,52.97672614072763,24.487944282996462,0.1682579666376114,-0.9516044855117798,-0.25717341899871826
45.60785303350524,49.052829591896895,18.764903200179326,-0.6045261025428772,-0.7745147347450256,-0.1862126886844635
49.75440685314496,51.25496848812485,7.973418170159056,0.6479138731956482,0.7537065148353577,0.1101551428437233
4.696214439927759,41.31828611037216,18.54284847883769,-0.8896538019180298,0.40599536895751953,0.2090069204568863
33.11349699844934,54.90501805390625,16.566122799951675,-0.15662425756454468,-0.9699451923370361,-0.18621258437633514
56.20934423322606,29.451650037849994,9.151165784966896,-0.9929162263870239,0.013394060544669628,-0.11805891990661621
30.39488235597573,38.85316281066197,53.87985029709569,0.03450028970837593,0.5248904228210449,0.8504703044891357
49.75123052008222,46.178301665141404,13.734378276332762,-0.7828031778335571,-0.6034306287765503,-0.15195611119270325
21.514857293045022,44.66437891276514,46.00171026779523,-0.394417941570282,0.7250031232833862,0.5646281242370605
43.29269313799109,15.561049219688204,41.79473259791748,0.5922797918319702,-0.6487804055213928,0.4777955710887909
42.04604628337821,48.282637974316756,29.190600045596515,-0.5229118466377258,-0.7999191284179688,-0.29443612694740295
54.12169045834184,46.54101887188366,5.349625509283947,0.8120117783546448,0.5785671472549438,0.07679132372140884
5.230365768326429,19.31062555172319,5.605251795730439,0.9313361048698425,0.3542863726615906,-0.08422721922397614
22.270777053067825,45.16444263120292,45.8876562174652,-0.394417941570282,0.7250031232833862,0.5646281242370605
54.24244676094527,14.28147510556903,10.636596032077453,0.8228124380111694,-0.5500034093856812,0.1430942714214325
13.084445559473892,46.80924281183745,23.209774107659516,0.666755735874176,-0.69949871301651,-0.25717371702194214
16.84257828189735,31.78345472411988,46.781034671720654,0.7473704218864441,-0.10467564314603806,-0.6561101078987122
7.758089572335081,37.813141249647515,33.32703245532726,-0.8812362551689148,0.31925326585769653,0.34856855869293213
35.853007708513964,1.279021642372285,8.591944321264942,0.17405475676059723,-0.97855544090271,0.11015509068965912
58.217548118774175,22.131776487811006,6.2215386233694705,0.9617140889167786,-0.26307618618011475,0.07679128646850586
55.03648055644398,29.727353530347614,16.94631334621355,-0.9824200868606567,0.013252129778265953,-0.18621258437633514
28.33303885787935,28.94955000310647,56.0,0.0,0.0,1.0
51.856733387336824,44.221761859867414,24.389078472666256,0.8328309059143066,0.49754905700683594,0.24256472289562225
19.6322465580947,39.47948922473279,49.71062285553903,-0.5199299454689026,0.48469439148902893,0.7033805251121521
3.6675169909206087,33.358667475010506,8.992474244779608,0.9834082126617432,-0.1377333253622055,-0.11805848777294159
31.900735818264483,59.181768644010184,6.075598048280152,0.06539096683263779,0.9949005842208862,0.07679077982902527
43.60489680520008,3.509503000739227,2.1841873509834917,0.4773511588573456,-0.8774470090866089,0.04714503139257431
29.539856883352222,14.905232364612822,48.70094795408751,0.011257100850343704,-0.7544063925743103,0.6563111543655396
40.57697286137129,53.26640524183887,13.603921802880308,-0.39527034759521484,-0.9059087634086609,-0.1519562304019928
54.467313160151235,38.89821006340975,24.56936269077797,0.9018585085868835,0.3575103282928467,0.24256457388401031
50.64768310935846,29.72072256386905,39.49945419884961,0.8993520736694336,-0.022808793932199478,0.4366298019886017
46.08030091036183,51.11245388119625,22.46947789920266,0.5711645483970642,0.7841768860816956,0.2425646334886551
11.471200737064304,10.888572013622413,9.199205675745853,0.7042769193649292,0.7000401616096497,-0.11805855482816696
39.74446469681984,9.559165908788199,27.775818827230005,-0.43129482865333557,0.852814257144928,-0.29443615674972534
20.69070263890326,13.044110784294423,42.71869463515871,-0.38548707962036133,-0.761897087097168,0.5204925537109375
25.546191370680663,33.77955232827188,52.66460325484188,0.32248368859291077,-0.2860412299633026,-0.9023218154907227
23.650650262911505,41.9425588072874,50.16192425572536,-0.3396854102611542,0.6243954300880432,0.7033805251121521
45.12136549681314,15.426932872204324,32.414379925973776,-0.6785501837730408,0.6546466946601868,-0.33317771553993225
53.04911695279106,30.945013015764527,25.483555589008606,-0.9639791250228882,-0.06786684691905975,-0.25717368721961975
12.010965330641238,13.092989393970708,20.67324309521269,0.6916723847389221,0.6875120997428894,-0.22117052972316742
48.13997996364026,45.84658951012454,21.19806132110169,-0.7198556661605835,-0.6579448580741882,-0.22117051482200623
35.590717860307166,3.9316477152678817,23.492086531807306,0.24619723856449127,-0.9383758902549744,0.24256454408168793
54.87282457098441,45.50930829434542,4.580318250282486,0.8559341430664062,0.5113509297370911,0.07679134607315063
37.64113345949551,9.779730915556394,30.96594834345827,-0.3536173403263092,0.8740408420562744,-0.33317774534225464
32.79907167736592,45.70637405832422,47.18396118952764,0.1154254749417305,0.7839420437812805,0.6100096702575684
31.20341082329856,45.05887605430029,48.28101128948018,0.049484215676784515,0.752865731716156,0.6563112735748291
51.9265975297966,19.523177275175808,20.924531960313516,-0.8854900598526001,0.4086454510688782,-0.22117026150226593
44.43588270017045,4.284837000849201,6.121216754957338,0.476471483707428,-0.8758298754692078,0.07679124176502228
9.005437428078816,50.09206502206727,9.643887801833236,-0.7270064353942871,0.6777369976043701,0.11015529930591583
32.411973297637644,3.2115738057156302,5.690557294069379,-0.13225409388542175,0.9876308441162109,-0.08422701060771942
10.476277063049205,15.695111428321821,31.999340448764087,-0.7633391618728638,-0.5438874363899231,0.3485681116580963
8.82729272329973,37.808656017255764,35.86018237854357,-0.8670997619628906,0.31413114070892334,0.3866001069545746
28.190292119413417,11.140139441791085,37.7387021841335,0.10726282000541687,0.9031704068183899,-0.4156656265258789
53.51936269770939,12.88255121295279,9.070054857451378,0.8263086080551147,-0.5523403882980347,0.11015518009662628
43.993935887821515,49.857902867497515,20.346982389402942,-0.5336161255836487,-0.8162950873374939,-0.22117005288600922
25.211613694328424,26.59039856999513,52.75200353927605,0.35212311148643494,0.24864540994167328,-0.9023218750953674
36.738928877997445,3.6951842196639397,1.3413031701341502,-0.21492889523506165,0.9753496646881104,-0.04998556151986122
54.83696730710173,19.405312020804075,21.15342860500641,0.8896533846855164,-0.40599602460861206,0.20900742709636688
2.7366564168001366,23.18164010837156,17.203342798673717,-0.9614609479904175,-0.21127484738826752,0.17594265937805176
7.909140433878932,28.27082763711991,37.030281303389366,-0.9208428859710693,-0.05088003724813461,0.3866001069545746
16.486219589997468,30.933737416811336,46.49154521281118,0.7954685688018799,-0.04409444332122803,-0.6043884754180908
38.892661830710914,39.0998681590522,46.98369519378324,-0.5124875903129578,-0.553963303565979,-0.6561106443405151
37.57230743595188,27.88542940107274,54.49405408452874,0.43975794315338135,-0.12029556185007095,0.8900235295295715
44.60375172095053,45.595050571475134,30.72015087937407,-0.6402929425239563,-0.6921109557151794,-0.33317774534225464
51.10290869270689,49.0086315669475,2.7755575615628914e-14,0.0,0.0,-1.0
43.3376163318534,54.793279788164824,14.511043648462275,0.44441738724708557,0.8783719539642334,0.17594298720359802
28.972841664401013,54.04703330558309,21.628855311507355,0.007270385976880789,-0.9752081632614136,-0.22116994857788086
18.198555011357257,55.76761987334237,14.16820468959572,-0.401475191116333,0.904622495174408,0.1430937647819519
28.126280470542635,47.6404559168466,44.70555636223113,-0.07868002355098724,0.8215868473052979,0.5646277666091919
35.42490149695653,41.29646210265547,47.226526125562216,-0.3586219251155853,-0.6640097498893738,-0.6561108231544495
0.7175235504614126,34.69036772579793,4.953819103353391,-0.9797641634941101,0.18483838438987732,0.07679159939289093
48.13670475911248,7.098527825223758,8.444768212179458,0.6088753938674927,-0.7855803966522217,0.1101551428437233
40.56223311582878,2.4630674765536136,6.676316770491052,0.32980847358703613,-0.9409195184707642,0.07679104804992676
48.795675609907555,35.47866924570687,41.478052174561,0.8400468826293945,0.25696825981140137,0.47779548168182373
30.380201967138337,56.98202963509465,20.861749527239205,-0.014591128565371037,0.9778051972389221,0.20900727808475494
8.886431348969854,25.9746081459464,31.59477558305571,0.924820601940155,0.18357470631599426,-0.33317747712135315
43.309166443927026,54.030973601243396,18.342370682862047,0.44148972630500793,0.8725839853286743,0.2090071141719818
50.155680989569056,10.885124219315951,17.788072988109196,0.7200469970703125,-0.6712499260902405,0.17594292759895325
55.29655880685721,22.371341939139562,23.419331329064267,0.935755729675293,-0.2559753358364105,0.24256503582000732
11.697485222222523,15.476159408310975,34.28067495444906,-0.7170990109443665,-0.603547215461731,0.3485681116580963
6.29514112798388,40.56019929184494,25.961228575692537,-0.8741823434829712,0.398936003446579,0.27686700224876404
57.718533217206186,33.79253180478868,15.65364601081886,0.9753438830375671,0.13322290778160095,0.17594316601753235
27.33771868449676,47.54622048520499,44.72421320639852,-0.14453496038913727,0.8125914335250854,0.5646280646324158
14.089291266506093,13.164197407487833,34.79261965172084,-0.6555213332176208,-0.6487152576446533,0.3866010010242462
56.607425194563724,30.222115738166483,5.191407112461916,-0.9963559508323669,0.01344046089798212,-0.0842268094420433
32.39257042375103,41.71987733055674,51.54483725667964,0.1454802304506302,0.6305874586105347,0.7623614072799683
5.642711800300074,12.496143490236664,1.0249247178008787,-0.8135108351707458,-0.5796356797218323,0.04714475944638252
31.20917321842226,53.14190600686385,25.073591753553515,-0.0736822560429573,-0.9635521173477173,-0.2571735978126526
11.089506077002085,49.36429502342125,0.14335311614947654,0.6890999674797058,-0.7229403257369995,-0.049985263496637344
58.7190504981532,31.449981690259804,10.655675925989405,0.9882017374038696,0.054602254182100296,0.1430940479040146
31.810763185076333,53.36948350689462,32.935084058741865,0.0614723339676857,0.935265302658081,0.3485684096813202
49.941941781607255,8.647538376570154,8.244804688187795,0.670113742351532,-0.7340391278266907,0.1101551353931427
8.808398265997877,24.255213480517064,30.32040410995077,0.9062157273292542,0.2603181004524231,-0.3331778943538666
28.64511022350246,47.019851127204156,40.72066085420043,0.07860109210014343,-0.8591670393943787,-0.5056222677230835
34.57892948245686,55.20634222129139,13.405672962187237,-0.1575622707605362,-0.9757476449012756,-0.1519562304019928
10.182250767420026,8.142898853056277,2.7755575615628914e-14,0.0,0.0,-1.0
50.37201815223586,35.43082061509069,31.63024083485431,-0.9163221716880798,-0.22214072942733765,-0.33317747712135315
53.002465228288706,17.495383189188242,10.330072863745817,-0.8636466860771179,0.4900780916213989,-0.1180584728717804
55.43355122381026,38.12639613693546,21.9081274601787,0.9277016520500183,0.28378164768218994,0.24256457388401031
22.61600535939569,55.691895498145136,22.16391646744986,-0.24619746208190918,0.9383758902549744,0.2425643801689148
28.151283198258984,19.023335433913804,49.14204182326888,0.08324811607599258,0.700965166091919,-0.7083202600479126
5.497872789841788,30.728847950193586,21.08293805061148,0.97374027967453,-0.0539778396487236,-0.22117015719413757
52.919892493562664,43.11408399301033,6.918572855171727,-0.8795884251594543,-0.468220055103302,-0.08422711491584778
48.828499302564545,22.322807955971225,40.31100188030348,0.8458454608917236,-0.30643144249916077,0.43662941455841064
37.18458297197671,41.66952209501551,45.77004245356517,-0.435921847820282,-0.6668487787246704,-0.6043879985809326
27.450657164495585,56.79333742990839,0.20243627019600563,0.0909905657172203,-0.9945964813232422,-0.049985576421022415
36.30869607258167,1.0973684924457725,5.89925429093528,0.25302639603614807,-0.9644069671630859,0.0767911821603775
29.319299292236042,20.897542752227224,53.93668504493771,-0.03449968621134758,-0.5248906016349792,0.850470244884491
30.42865890910091,6.843736274081498,26.396995848299586,-0.04713647440075874,0.9545081257820129,-0.2944357991218567
39.14839708631763,48.41483927039998,39.54924080071729,0.40615206956863403,0.8027423620223999,0.43662938475608826
36.08288634092806,3.8759096917150417,6.094157100915451,-0.21443305909633636,0.9731003046035767,-0.08422741293907166
34.999887030820844,0.5953515931050853,2.495129625900975,0.1749253123998642,-0.983452320098877,0.04714522883296013
54.03250003465022,22.76609162453991,16.9337449679946,-0.9482597708702087,0.2571541368961334,-0.1862126886844635
20.5421343963599,48.41416225931873,39.6022616175026,-0.42992323637008667,0.7902662754058838,0.43662938475608826
4.897393438758948,27.46982804000742,28.82736508484715,-0.9485899806022644,-0.05241335183382034,0.3121376037597656
11.0967322677541,18.290902479432916,36.96643104889858,-0.7917206883430481,-0.47298887372016907,0.38660046458244324
48.58815287073546,10.147935264843813,20.659625599721203,0.659325897693634,-0.7222224473953247,0.2090073525905609
2.915238950184895,27.59807044472912,1.610651819350137,0.9924727082252502,0.11180059611797333,-0.049985699355602264
53.30435119655986,36.27174523349133,30.94358057699492,0.9084823727607727,0.2779028117656708,0.3121374547481537
24.775255567708445,54.70583774065301,27.66275892019324,-0.16827477514743805,0.9460594058036804,0.27686673402786255
0.37350969936601697,32.492321133294546,4.121654018817816,-0.9914606213569641,0.105398990213871,0.07679086178541183
12.87640115223878,44.65335870571882,35.75599325068728,-0.6745849847793579,0.6288682818412781,0.38660022616386414
27.629417234060863,15.406203301648413,49.078157428684484,-0.10990376770496368,-0.7464429140090942,0.65631103515625
24.0496243991985,3.444474611550512,1.3434087237777517,0.2003634124994278,0.9784456491470337,-0.049985602498054504
12.321570922314494,5.901090732800669,3.1111230912805965,-0.5870094299316406,-0.805929958820343,0.0767912045121193
14.55566115159626,7.493361308272639,0.43962162010976513,0.5810105800628662,0.812359631061554,-0.049985527992248535
12.894090436868384,31.064417366915286,46.04805846988876,-0.8207207918167114,0.08724883198738098,0.5646281838417053
17.49762205647509,11.952090520333956,37.62426366632945,-0.5365764498710632,-0.7366899251937866,0.4115503430366516
47.147893478773504,46.50372401304105,31.809270387993298,0.6662083268165588,0.6592926979064941,0.348567932844162
14.725178339699294,52.12353890142032,21.84622482587772,-0.5306801199913025,0.8121212124824524,0.2425650805234909
3.292416321376497,24.12629680291143,20.83952312702537,-0.9551260471343994,-0.20988120138645172,0.20900757610797882
44.37370675177497,4.161073154682397,2.7755575615628914e-14,0.0,0.0,-1.0
53.422122130985336,41.27783777053906,24.660489322447567,0.8701661229133606,0.4289209544658661,0.2425648272037506
0.4527228183401329,29.669404973802504,6.792786252550627,-0.9935949444770813,0.025198739022016525,0.11015503108501434
47.563218000889535,15.099257508791629,26.185223376405553,-0.7491687536239624,0.6104162335395813,-0.2571735978126526
38.891249781349295,6.912476876052749,19.768520373109382,-0.3657584488391876,0.9040489792823792,-0.22117020189762115
3.967610490304668,20.31811422810854,18.9478725456703,-0.9090896844863892,-0.3603774607181549,0.2090073674917221
37.50639952673333,1.4387454629229013,6.240125325322097,0.25302639603614807,-0.9644069671630859,0.0767911821603775
40.9471429232107,24.790315102409668,47.84885136751924,-0.6852176189422607,0.31622108817100525,-0.6561105251312256
6.61491645398364,38.89730403002768,18.450556690428623,0.9085527658462524,-0.3739742040634155,-0.1862127184867859
32.95557376592075,3.7640380385808063,24.560143847235388,0.09248314797878265,-0.9657168984413147,0.2425648272037506
38.585067082103926,23.00091977944864,48.97215284435989,-0.5472378730773926,0.4458847939968109,-0.7083202004432678
31.978973869894418,25.638956203516933,53.11660877968047,-0.1550130695104599,0.3065126836299896,-0.9391596913337708
25.803696976592583,3.988691041988641,11.204260894030313,0.117108553647995,0.9860769510269165,-0.11805840581655502
55.47560678564389,35.74257722870408,9.702819253982247,-0.9650530815124512,-0.23395457863807678,-0.11805827915668488
25.088433671196626,36.79398327431528,51.181308751884046,0.3272344172000885,-0.4846495985984802,-0.811191976070404
44.67322999260637,14.837947682169947,32.16978109299764,-0.6785501837730408,0.6546466946601868,-0.33317771553993225
54.19085858354181,41.83382751541591,20.78414141917279,0.8771435618400574,0.43235981464385986,0.20900747179985046
19.153205946090555,8.200758643083502,22.068895087996115,0.42709943652153015,0.8767381310462952,-0.2211703062057495
38.58961008859359,24.792462970141333,49.87645660875408,-0.5647964477539062,0.320495069026947,-0.760452389717102
22.674586169423343,28.48564603622292,54.853594764593744,-0.44529032707214355,-0.09784919023513794,0.8900236487388611
13.61458993377417,27.190437465980967,46.81214394930717,-0.7851036787033081,-0.10723860561847687,0.6100099086761475
13.686527127527222,48.68989625302155,19.007044714460207,0.6160070300102234,-0.7654150128364563,-0.18621264398097992
20.346161185143142,50.48277768072671,27.251549620121338,0.39520394802093506,-0.8701272010803223,-0.2944358289241791
5.050902363453648,37.887619385227524,11.789577612597338,0.9422630071640015,-0.29841211438179016,-0.15195609629154205
35.332116517198955,8.91832164846146,37.82130259912351,0.23128734529018402,-0.8815509080886841,0.411550909280777
21.170176757965876,48.85565896253293,39.31490884100884,-0.3649388551712036,0.8222982287406921,0.43662938475608826
35.390341731014345,20.5166119631478,49.22584647902808,-0.37016189098358154,0.601051390171051,-0.708320140838623
59.16079039674322,27.492436162845664,6.213897499394658,0.9914605617523193,-0.10539942234754562,0.07679115235805511
55.42326361905743,21.13952268163269,1.1069581219623799,-0.9386796355247498,0.3411480486392975,-0.04998551309108734
10.993861504985867,23.51770837776123,41.34419554472746,-0.8400468826293945,-0.2569675147533417,0.47779589891433716
22.14301754546775,49.10306587386647,33.115729672078544,0.31155797839164734,-0.8736452460289001,-0.3737320601940155
14.887963645001077,33.741765107352215,43.65154985605011,0.8119198083877563,-0.1840597689151764,-0.5539930462837219
25.766829980288236,16.835768736355277,46.19030455356673,0.22457629442214966,0.7643824219703674,-0.6043881177902222
36.95313288534506,36.339290475004894,53.5083911237695,0.37389031052589417,0.3700086772441864,0.850470244884491
45.042528674701174,53.63392871797548,15.229642132214767,0.5136560797691345,0.8397626876831055,0.1759432852268219
45.45025604844598,31.51433494871717,43.25934299053065,-0.8304657340049744,-0.0584673248231411,-0.5539930462837219
51.44700659730794,13.667214285059705,2.18708459835349,-0.7742748260498047,0.630872368812561,-0.04998558387160301
14.833865633223462,5.077199339987653,10.594393684019181,-0.5164263844490051,-0.8442913889884949,0.14309385418891907
32.466716047761786,2.973064809055696,2.138324468728549,-0.1325598657131195,0.989913821220398,-0.04998557269573212
10.036396111534883,39.525082601810595,29.486272210592123,0.8501966595649719,-0.4364319443702698,-0.29443636536598206
47.29131315463025,46.555395709497084,31.418504730260615,0.6752731800079346,0.6682634949684143,0.31213781237602234
14.059101496273373,7.236198107618649,18.944972063427908,-0.5757447481155396,-0.7904643416404724,0.20900747179985046
54.13702652406029,41.419025828657304,21.846216133443026,0.8701662421226501,0.42892059683799744,0.24256505072116852
8.057891555193908,43.796445383179744,13.032561950064391,0.838448166847229,-0.5233680009841919,-0.15195602178573608
51.29408222755752,15.62987276257266,26.41401097077389,0.7988685369491577,-0.5339980125427246,0.2768668234348297
8.824071993523509,11.714086220773687,18.0535874880251,-0.7531477808952332,-0.6338868141174316,0.17594318091869354
51.207824735317715,13.911718489013857,6.812479294858492,-0.8224480748176575,0.5625699162483215,-0.08422724157571793
36.42396971726272,1.7208677281460376,11.141933459392947,0.2511645257472992,-0.9573090076446533,0.1430937498807907
51.35533019336497,23.345518786833203,28.07615951530411,-0.9223572015762329,0.2501291036605835,-0.29443612694740295
25.842483778400872,2.2347377344123998,17.243418262287896,-0.1433940976858139,-0.9739004969596863,0.17594313621520996
41.505847951367635,51.07985499180568,31.24722875696236,0.4289035201072693,0.8477098345756531,0.3121374547481537
46.15294847400888,39.27465251307212,37.53894140952807,-0.8028536438941956,-0.4273732900619507,-0.41566580533981323
44.72108753310481,19.276721131043086,44.131033752266234,0.709877073764801,-0.47451287508010864,0.5204921960830688
26.842487281439002,49.04680506317053,36.23181927377562,0.1583596020936966,-0.8956253528594971,-0.4156651198863983
9.041887506193854,17.931424597387558,32.042096156652555,-0.8046289086341858,-0.48070013523101807,0.3485681116580963
15.744508069480755,25.455627325981673,44.68980022172765,0.8001617193222046,0.22985364496707916,-0.553993284702301
59.63842200280064,30.02372970093555,2.7755575615628914e-14,0.0,0.0,-1.0
48.31779802448811,6.664428343606819,3.317574252472894,0.6107940077781677,-0.7880569696426392,0.07679124176502228
2.97471301335346,29.384037470619006,4.132799108867289,0.9960448145866394,0.028293926268815994,-0.08422712981700897
53.797633468019725,39.58298560400207,25.934947233283058,0.8932809233665466,0.35411006212234497,0.2768668234348297
4.851698205753192,32.22754958658066,17.636898947165587,0.98100346326828,-0.054380856454372406,-0.1862122118473053
54.92292858348723,45.91898477196583,0.32302519744228286,0.857514500617981,0.5122950673103333,0.04714483767747879
9.726791448150365,17.369377904875357,23.9524923771624,0.8332711458206177,0.48940879106521606,-0.25717365741729736
39.736991698233936,52.55810265387283,19.11387006796111,-0.39001142978668213,-0.8938539624214172,-0.22116997838020325
37.032620972917485,9.430444045368754,37.79870471865027,0.30147331953048706,-0.8600816130638123,0.41155004501342773
51.93372715313011,45.36644524257158,1.6426467925037813,-0.8392592668533325,-0.5414289236068726,-0.04998578876256943
56.584621378740714,29.103218888208676,5.282617809560664,-0.9963559508323669,0.013440007343888283,-0.0842270702123642
31.309970568662216,10.463126503198165,42.15189786961232,0.08374442905187607,-0.8744704127311707,0.4777953326702118
11.336455977864967,13.07948144538088,18.36444839726313,0.7523471117019653,0.6319010257720947,-0.1862121969461441
14.103620804799395,6.202445863743564,14.55558985263716,-0.5136556029319763,-0.8397630453109741,0.17594307661056519
13.385033273610702,53.79535918921219,9.5669722773219,-0.5436877012252808,0.8320273160934448,0.11015544086694717
17.786334917470725,39.86345916259403,43.305718582712984,0.6228194236755371,-0.5524380207061768,-0.5539929866790771
46.449382992624784,9.293267713518615,9.002079246286545,-0.6544371247291565,0.7468428611755371,-0.11805857717990875
7.955314153488713,26.123269210355414,36.54919700803948,-0.913762629032135,-0.12481164187192917,0.38660040497779846
14.854819800197756,38.71841182013614,45.41073471551332,-0.7208479642868042,0.40196195244789124,0.564628005027771
15.685348839969373,49.819748791262754,30.516605660952134,-0.5196855068206787,0.795296847820282,0.3121376633644104
56.27833059267546,28.749348767565095,8.491285727949604,-0.9929162263870239,0.013394060544669628,-0.11805891990661621
15.256608489202804,52.5742240430204,21.46305839798906,-0.5349352955818176,0.8186331391334534,0.20900720357894897
46.9177255588137,49.18202626602908,26.1461468080393,0.6263978481292725,0.7286771535873413,0.27686700224876404
6.307200836163631,39.72075380953106,15.293564778476828,0.9139878153800964,-0.3762122094631195,-0.15195609629154205
47.593352469123644,42.11299090334411,37.89040057381217,0.7422485947608948,0.5288599133491516,0.41155096888542175
14.1551061504116,7.9306485874662975,2.890492159993553,0.5810107588768005,0.8123595118522644,-0.049985386431217194
0.7885435611805582,23.348283011193168,1.0548017984770368,-0.9756113290786743,-0.21438266336917877,0.047144804149866104
31.735448355450767,57.500092772087314,2.7755575615628914e-14,0.0,0.0,-1.0
0.4868383123855536,29.19307838044231,7.064104524231326,-0.9924006462097168,-0.0548342689871788,0.11015503108501434
55.34342820106079,27.068143411116388,14.365536076368373,-0.9837157130241394,0.09598306566476822,-0.15195609629154205
25.388899885308767,56.05380200623629,7.238278825771642,0.1734965443611145,-0.9812260866165161,-0.08422745019197464
40.45118456117481,14.711554014922601,43.767077337601265,0.46707895398139954,-0.7147901654243469,0.5204923152923584
32.87675685689223,58.546764886390186,11.20674379186488,0.06491062790155411,0.9875782132148743,0.14309406280517578
3.995989103619441,22.138448424543473,2.446999723209652,0.9599294066429138,0.27574801445007324,-0.04998568072915077
48.50339094398104,8.46117756219505,14.50949217629869,0.6636992692947388,-0.7270126342773438,0.17594292759895325
12.74101739960678,30.5628591681846,40.927250901650346,0.861432671546936,-0.04775192588567734,-0.5056218504905701
42.70807171802764,51.902166671574996,27.067065477067068,0.5013977885246277,0.8197225332260132,0.2768668234348297
24.483145601272494,25.60283861214417,55.071968968348095,-0.2906874418258667,-0.24465754628181458,0.9250100255012512
58.14844827337777,37.34284113647271,7.592159794493419,0.9504407048225403,0.29073745012283325,0.11015520244836807
19.36191625370533,2.3534728939662584,6.429456283878025,-0.37707996368408203,-0.9229917526245117,0.07679139822721481
17.587136939446655,19.785912489046016,43.05306903478369,0.6374947428703308,0.5354365110397339,-0.5539929270744324
2.641002236706768,21.872628264589384,2.7755575615628914e-14,0.0,0.0,-1.0
43.10477317052555,11.998607533035726,36.430214030004336,0.564971387386322,-0.7289357781410217,0.38660046458244324
13.818811255098797,47.82539824148184,22.284851756042116,0.672875702381134,-0.7059192657470703,-0.22117024660110474
1.8939761821023902,28.3433221026533,16.71949147013902,-0.9829009771347046,-0.05430883541703224,0.17594364285469055
28.572639642108935,56.382614425064084,7.6438945503461175,0.007402658462524414,-0.9929791688919067,-0.11805763840675354
37.66905897461504,39.366686265260654,51.3918953512171,0.42186516523361206,0.490748792886734,0.7623617053031921
46.849062874899765,27.966701974255695,40.90278611683927,-0.858677327632904,0.08378340303897858,-0.5056220293045044
30.3097637333312,13.999748881870406,47.57588277967774,0.0118229566141963,-0.7923059463500977,0.6100093722343445
45.3825251298865,12.035282407038144,32.90763399735244,0.6319319605827332,-0.6922154426574707,0.34856823086738586
28.954170178909347,46.13724423341974,42.26845106873884,0.07860109210014343,-0.8591670393943787,-0.5056222677230835
47.13842023074274,15.282470763630059,27.63546494274762,-0.7408782243728638,0.6036611795425415,-0.29443612694740295
53.8024183840494,17.765533037506824,22.2767456392968,0.8825764060020447,-0.40276673436164856,0.24256518483161926
57.97756025802507,37.71993478770104,8.071333487657677,0.9504407048225403,0.29073745012283325,0.11015520244836807
14.955583611364174,9.624335635671892,17.55475318816547,0.5715630650520325,0.7991499900817871,-0.18621231615543365
45.190245939398764,51.16370318434666,10.110790732050214,-0.6109853982925415,-0.7827892899513245,-0.11805837601423264
9.133210149897137,14.004889196553217,25.356694517982667,-0.7825797200202942,-0.5575964450836182,0.27686673402786255
20.755391067327654,2.6621771320198446,12.675360421936507,-0.2993674874305725,-0.9433467388153076,0.14309433102607727
19.255749367234106,5.0491128035508055,2.968533848707267,0.36073124408721924,0.9313293695449829,-0.04998540133237839
48.462782098563615,17.52491487924376,36.185668920217275,0.7667269110679626,-0.5125134587287903,0.3866003155708313
28.22337753187689,12.569932782659068,40.538225832220704,0.10475371032953262,0.8820480108261108,-0.4593668580055237
3.537677593396044,26.185430972958677,7.846262324225424,0.9867656230926514,0.11115700006484985,-0.11805832386016846
25.749735631669726,41.246572278128404,51.576620170879,-0.21406738460063934,0.6107208132743835,0.7623615860939026
10.871896672203842,18.36306321108436,36.59427478185018,-0.7917206883430481,-0.47298887372016907,0.38660046458244324
53.67433286149925,45.09738094056971,14.919255059086707,0.8450769186019897,0.5048655271530151,0.17594265937805176
7.213838398697889,12.61456343477073,14.274112987673407,-0.806035578250885,-0.5743089914321899,0.1430937945842743
52.667695180792535,12.428253235062881,12.222111991638712,0.7758869528770447,-0.6144293546676636,0.14309436082839966
48.11938319050097,6.393030939798194,1.655869435615041,0.6119217276573181,-0.7895119786262512,0.04714502766728401
10.526508682802959,39.56011491848575,30.682517210833467,0.8388031125068665,-0.43058326840400696,-0.333177775144577
11.831633627102335,13.368900601039533,20.97008840697563,0.6916723847389221,0.6875120997428894,-0.22117052972316742
30.54585328155887,19.887801690725148,49.994217609126544,-0.03203015774488449,0.6486032009124756,-0.7604525089263916
25.642661632285016,3.806095197481237,9.519397639172823,0.117108553647995,0.9860769510269165,-0.11805840581655502
55.35177812554232,33.82139359674911,13.255285862392885,-0.9766804575920105,-0.15167230367660522,-0.15195637941360474
26.23090570683989,30.252151704175038,53.461878019292755,0.24803639948368073,-0.03473969176411629,-0.9681276082992554
47.36791764939648,44.56035357711776,34.81819746302943,0.7055953741073608,0.5938645005226135,0.38660070300102234
4.769945016354681,16.071940176475564,13.163816833970543,-0.8496346473693848,-0.5075874328613281,0.1430942714214325
41.5328046352372,31.381676513519558,51.847387699048944,0.6411973834037781,0.08758163452148438,0.7623617053031921
7.839420493511949,18.30751005673855,19.015967529018575,0.8858577013015747,0.4249483644962311,-0.18621231615543365
18.31189105600194,4.287004089109,16.57029206934381,-0.37229713797569275,-0.9112842082977295,0.1759430319070816
24.770907595368612,36.46095414373881,51.24406273466161,0.36664143204689026,-0.4555674195289612,-0.811191976070404
29.568952804429863,8.497154414547285,38.43870968002134,0.013423127122223377,-0.8995413184165955,0.43662935495376587
34.97783126639326,56.27255440698877,3.0633776855269246,-0.15921378135681152,-0.9859778881072998,-0.04998594895005226
57.242056051864715,38.370991823759894,12.1992836518829,0.946419358253479,0.28950732946395874,0.14309388399124146
56.37271764067488,28.002434539232947,23.199719805338198,0.9646993279457092,-0.10255470871925354,0.24256491661071777
51.579730767330865,49.88482980243002,4.239732017887052,0.7086880803108215,0.7013303637504578,0.07679121941328049
29.803866248864384,5.493644853775567,21.1784336968071,0.0335732139647007,0.9746570587158203,-0.221170574426651
56.52188999195397,28.871985099718447,5.987793609058105,-0.9963559508323669,0.013440007343888283,-0.0842270702123642
42.82215487986493,56.2838817939053,5.486949025107222,0.45012789964675903,0.889656126499176,0.07679076492786407
55.773650289003825,15.300994863073049,1.5332176716678991,0.872417688369751,-0.4864819049835205,0.04714547470211983
11.894462153935095,11.702147604628351,15.379125485938797,0.6968318223953247,0.6926401257514954,-0.1862122267484665
53.5744700599634,36.71662047768711,29.76131046330816,0.9084823727607727,0.2779028117656708,0.3121374547481537
33.04797971401753,45.90376029802485,46.86420376699473,0.17813235521316528,0.7721120715141296,0.6100096702575684
40.767695620336546,56.03174484047184,14.401427133582633,0.37229782342910767,0.9112838506698608,0.17594343423843384
44.174228142229815,16.707991965544448,42.11661108753886,0.6425643563270569,-0.5990179181098938,0.4777955710887909
13.565792388704741,44.20764212027594,37.65205210894938,-0.6666408777236938,0.6214632391929626,0.4115499258041382
27.198242978508006,6.7229688443714615,25.41485321332853,0.11396604031324387,0.9596214890480042,-0.25717368721961975
32.97541876493365,4.888606407387419,28.514918892983452,0.09056631475687027,-0.945710301399231,0.3121374249458313
27.649092197222554,20.30085846161275,53.417080362709044,-0.13259156048297882,-0.5747170448303223,0.8075393438339233
50.996817631500164,43.67889726669823,28.018032717264212,0.7825796008110046,0.5575966238975525,0.27686676383018494
3.011089783079339,35.382748361687604,2.7755575615628914e-14,-0.0,0.0,-1.0
21.684704766086206,6.494351640277666,19.503940078781987,0.3522385060787201,0.9094018936157227,-0.22117023169994354
45.525600709517015,7.8701602661726895,1.7534189371084419,-0.5930578708648682,0.8036067485809326,-0.049985311925411224
30.403352430487324,54.58469361877315,29.69037473761248,-0.014174985699355602,0.9499309659004211,0.31213808059692383
36.522408111118494,57.714159195338596,2.7755575615628914e-14,0.0,0.0,-1.0
40.09200873276939,57.01457836354238,9.67635276069561,0.37589502334594727,0.9200916886329651,0.11015523970127106
11.644064260718183,41.0104490984665,31.44460502593593,0.7998307347297668,-0.49926280975341797,-0.3331778049468994
49.599582423057264,22.070507759342256,38.64017358269878,0.8458454608917236,-0.30643144249916077,0.43662941455841064
12.009313188781483,23.94517299061242,37.73850174963161,0.8741656541824341,0.25111106038093567,-0.41566532850265503
56.81274983577976,38.96260343858018,2.7755575615628914e-14,0.0,0.0,-1.0
57.545505132547575,37.461892255650824,2.7755575615628914e-14,0.0,0.0,-1.0
52.52429370398962,43.65046697990804,7.637592138295243,-0.8344331383705139,-0.5383154153823853,-0.11805889010429382
44.84189732343823,7.336951293881217,1.0474001699667812,-0.5237335562705994,0.8504143953323364,-0.049985308200120926
53.718374894149676,44.889384113464,15.304560063717368,0.8450769186019897,0.5048655271530151,0.17594265937805176
42.03810240665764,53.49291879767135,6.946016857597126,-0.4735185205936432,-0.8767473697662354,-0.08422743529081345
5.743132782966172,13.50259018642191,9.247982802272,-0.8094604015350342,-0.5767492055892944,0.11015541106462479
12.140626428491348,12.6516218876452,19.70673773374488,0.6916723847389221,0.6875120997428894,-0.22117052972316742
55.22517965974314,33.02946954415866,26.90755520556617,0.9520679116249084,0.13004468381404877,0.27686646580696106
3.4623693618516174,38.08352052625269,18.653877958709042,-0.9432591199874878,0.2580276131629944,0.2090071588754654
25.043817072554596,10.227878080372252,34.52960376267695,0.18607619404792786,0.9086803197860718,-0.37373217940330505
2.3110194406748135,37.52543387314293,13.134406214446312,-0.9546357989311218,0.26114073395729065,0.1430944800376892
41.41726702062409,45.02734498387319,36.96361194529422,-0.5596151351928711,-0.7169749736785889,-0.41566553711891174
51.85300569811255,41.92252666214793,17.3870534384293,-0.8672857880592346,-0.46167129278182983,-0.18621234595775604
39.46506841871557,54.638627770628155,23.110488646081105,0.36690106987953186,0.8980790972709656,0.24256451427936554
47.4997743524206,25.91450685556221,44.386687058236205,0.8390654921531677,-0.15829375386238098,0.5204921960830688
40.50718594173699,2.7014046398856135,8.875784916665763,0.3287721872329712,-0.93796306848526,0.110154889523983
41.17635324584133,56.99207981456346,5.9308756149715345,0.3770798444747925,0.9229918718338013,0.07679042220115662
41.88851923579374,28.821736229478514,51.59896629001296,0.6435250043869019,-0.06841159611940384,0.7623617053031921
40.30576757177698,2.776981276641716,10.120476843868282,0.3287721872329712,-0.93796306848526,0.110154889523983
12.035389707240395,11.655126234839967,15.731593618021812,0.6968318223953247,0.6926401257514954,-0.1862122267484665
56.22109167602517,41.25398243465979,11.9769523181023,0.9200547933578491,0.3647235333919525,0.14309430122375488
51.57899418804783,35.824078569843174,27.828546202513404,-0.9287684559822083,-0.22515882551670074,-0.2944362163543701
51.17286088483409,13.778344320678748,6.181538532661512,-0.7724892497062683,0.6294173002243042,-0.08422724157571793
30.22011930869999,50.58283972440513,33.081854137089564,0.006915046833455563,-0.9275109171867371,-0.3737320601940155
55.35638014232991,37.65224033171128,22.757997497350246,0.9277016520500183,0.28378164768218994,0.24256457388401031
47.769865625714175,8.206400898655314,2.7755575615628914e-14,0.0,0.0,-1.0
7.487304718811248,10.165450828538786,1.0328137404815116,-0.7642319202423096,-0.643216073513031,0.04714466631412506
11.04753132089103,52.08121019424867,2.7755575615628914e-14,0.0,0.0,-1.0
8.979146780195896,30.433132746412863,32.82151964303449,0.9261147975921631,-0.051337674260139465,-0.373732328414917
57.15561579804345,39.65357667581498,9.891803187591421,0.9239641427993774,0.36627325415611267,0.11015533655881882
46.23798083347995,34.561281499585306,41.0012570304961,-0.8185185194015503,-0.2727155089378357,-0.5056220889091492
37.20769483581543,42.14608482208227,49.35052871847413,0.3936900794506073,0.6436334252357483,0.6563109755516052
49.81018458898145,39.82745307807054,36.15841543016487,0.8272131681442261,0.40774795413017273,0.3866005539894104
28.256492299694663,55.19468394362856,27.58482430018539,-0.09160267561674118,0.9565322995185852,0.27686628699302673
4.381633089531831,23.220480100945476,24.444224581336634,-0.9475284218788147,-0.20821169018745422,0.24256497621536255
37.59533362165769,43.27901291077798,47.98270736419666,0.41346877813339233,0.675967276096344,0.6100096702575684
36.57399763310971,2.639494095240876,16.518125379960622,0.24981705844402313,-0.9521740674972534,0.17594298720359802
11.076070472219204,48.67412038086282,23.275571922038566,-0.7096127867698669,0.6615224480628967,0.24256490170955658
7.202314592058659,19.085102601152844,17.759616757611926,0.8858577013015747,0.4249483644962311,-0.18621231615543365
18.04508400841337,56.621867546866085,7.660747907660781,-0.40317997336387634,0.908466637134552,0.11015582084655762
33.54847410735,49.14712869341287,35.752443350064375,-0.14498992264270782,-0.8978864550590515,-0.41566550731658936
30.66872016896537,29.786843803885805,56.0,0.0,-0.0,1.0
0.28895175537279905,26.050513534184972,0.5278488806740516,-0.9896982312202454,-0.1351841688156128,0.04714445024728775
55.415350968079615,44.44951371769449,5.590325484582195,0.8559339642524719,0.5113513469696045,0.07679107785224915
42.36833145244766,56.41582480157214,2.7755575615628914e-14,0.0,0.0,-1.0
10.78927063720756,11.688748528268276,9.87588789813835,0.7042766213417053,0.7000404000282288,-0.11805874109268188
8.512755908127932,13.309080119027985,2.534417155701048,0.7647825479507446,0.6423465609550476,-0.04998563975095749
15.791431542877135,28.632046224352425,45.56857618650855,0.7916827201843262,0.0891823098063469,-0.6043881177902222
27.640662554112563,58.72440309305588,10.349209269570073,-0.0947490930557251,0.9893878698348999,0.110155388712883
14.107867422494575,31.06171533054928,43.15672661076286,0.8312450051307678,-0.0460781492292881,-0.553993284702301
23.818587167359695,1.5540675331513942,10.853144198006607,-0.2224894016981125,-0.9643767476081848,0.14309430122375488
39.56384725385993,2.7994636466641447,12.066831790951252,0.3273804783821106,-0.933994710445404,0.14309419691562653
51.23769446628994,41.57167944716914,20.785399907762123,-0.8608640432357788,-0.4582539200782776,-0.22117049992084503
42.361997431078244,5.855549013154613,0.5376072285857911,-0.45073649287223816,0.8912564516067505,-0.04998563230037689
43.86503106614661,8.177179380840311,26.177512261478988,0.525632917881012,-0.8043971657752991,0.2768668830394745
10.065735508834107,11.450161073253103,2.0171204616864973,0.7083502411842346,0.7040890455245972,-0.04998539760708809
46.68579519964006,13.813529286458476,33.92180930199257,0.6855831742286682,-0.6391211748123169,0.3485682010650635
48.96445456264934,34.92133563742546,35.45009254762314,-0.9014259576797485,-0.2185301035642624,-0.37373223900794983
38.05155980544943,51.14579665854374,26.924133174382888,-0.3075510859489441,-0.9048313498497009,-0.2944360673427582
59.525650744020076,30.00185500856647,2.671305700790782,0.9985669255256653,-0.025325190275907516,0.04714537039399147
46.513703160730884,32.1008775010912,46.24689812180092,0.8177523612976074,0.11169815808534622,0.5646278858184814
44.91562249481447,17.47212160804816,42.00923484215471,0.6886819005012512,-0.5453701615333557,0.4777956008911133
12.419527355935994,47.35459104792568,19.530440958960725,0.672875702381134,-0.7059192657470703,-0.22117024660110474
51.02924408215892,46.074221675742564,22.7857133591948,0.7900943160057068,0.5629504919052124,0.24256478250026703
17.542806077811537,46.12251121029423,40.34077680535559,-0.551123321056366,0.7110680937767029,0.43662941455841064
9.818823998826495,29.912321229253415,34.93458343817111,0.9271625876426697,0.02633787877857685,-0.3737323582172394
52.62434301592296,15.460374848050563,3.010821470447683,-0.8243492841720581,0.5638703107833862,-0.04998534545302391
25.730551737621184,33.92299714572737,55.49283674901561,-0.277912437915802,0.25907787680625916,0.9250099062919617
37.08882567741877,31.384939656876906,51.82416413290637,-0.4974817633628845,-0.12060322612524033,-0.859049916267395
32.96868884351151,52.70953073736552,26.058021425049112,-0.15405131876468658,-0.9540073275566101,-0.2571733891963959
33.991193489503615,8.730710424151292,38.077729413156966,0.15754564106464386,-0.8857393264770508,0.43662941455841064
26.976560411808837,22.79256438027696,54.69131053918969,-0.1724255084991455,-0.4220515191555023,0.8900235891342163
7.106931538537355,43.71189198876899,6.8678175594571185,0.8452844619750977,-0.5276361703872681,-0.08422698825597763
53.76244313882315,31.54778614267017,22.637903540915957,-0.9728271961212158,-0.0684896782040596,-0.22117048501968384
55.36060862553071,20.928575772170092,0.8438598081556274,-0.9386796355247498,0.34114810824394226,-0.049985479563474655
10.829721296290822,52.34956126143276,5.836758358454409,-0.6722256541252136,0.7363529801368713,0.07679138332605362
21.729841224975154,4.456089018763235,6.83767347179662,0.2808852791786194,0.9560383558273315,-0.08422687649726868
5.354614268857077,18.756451602095897,4.128884125772017,0.8984237909317017,0.43097615242004395,-0.08422721922397614
4.1636945855765495,39.734038481869604,19.150128739545753,-0.9194378852844238,0.3330916464328766,0.2090069204568863
49.045804175571725,52.22317302172532,4.999243979390909,0.6499558091163635,0.7560824155807495,0.07679086178541183
46.81598753163858,49.916847875500984,9.964435070075043,-0.6109850406646729,-0.7827895283699036,-0.11805862188339233
11.924659992172657,10.618642628357026,10.303736581926612,0.7042769193649292,0.7000401616096497,-0.11805855482816696
52.20182937984705,30.75533299508625,28.371401967652144,-0.9533116221427917,-0.06711582839488983,-0.2944357097148895
10.720377078300665,7.108712183195948,2.503341631442842,-0.6511558294296265,-0.7574783563613892,0.047144874930381775
13.942814682119831,18.15728460828145,35.641801592222635,0.7429586052894592,0.5246278643608093,-0.415665864944458
3.885864584024016,17.142684939026303,11.014766125241986,-0.8877233862876892,-0.4375742971897125,0.1430942863225937
35.96666779648454,0.77608406417436,2.678120954098457,0.1749253123998642,-0.983452320098877,0.04714522883296013
36.02458421903115,4.930910044073628,14.43431081927107,-0.212698832154274,0.9652298092842102,-0.15195608139038086
25.970538509471105,33.466840667401186,52.90066210942669,0.25696274638175964,-0.22792385518550873,-0.939159631729126
28.04339362231281,46.95711850313486,40.73371861621034,0.07860109210014343,-0.8591670393943787,-0.5056222677230835
14.187402495749435,5.643310416470875,11.60151026793171,-0.5164262056350708,-0.8442915081977844,0.14309372007846832
12.434532244033527,9.17429016226968,1.422937102514494,0.6469489336013794,0.7608932256698608,-0.049985621124506
33.88386747755517,1.3079539451851618,11.63304512678326,0.17331837117671967,-0.9744151830673218,0.14309383928775787
44.922409751198884,28.237212236565465,48.407193909911896,0.7502627372741699,-0.0797589123249054,0.6563112139701843
42.31139600362988,14.202385952563604,41.089988998561445,0.5381543636322021,-0.6943351626396179,0.4777955114841461
47.42942361073181,6.8413193285057,10.519911026319036,0.608875036239624,-0.7855806946754456,0.11015541851520538
24.453103219552965,22.17683705743686,50.511114692275946,0.34018847346305847,0.4756462275981903,-0.8111920356750488
12.21395698452349,7.385087262578384,13.546173588459453,-0.5826888680458069,-0.7999985814094543,0.14309412240982056
55.334518564296125,33.15073182644088,14.035623973966148,-0.9766804575920105,-0.15167230367660522,-0.15195637941360474
58.737241493926355,24.96380486369442,7.309740513576839,0.9766858816146851,-0.18425671756267548,0.11015509068965912
56.6599936313686,30.19102207047848,22.30007628877853,0.9698233008384705,-0.02459612302482128,0.24256496131420135
6.552864352388332,11.355094390964092,2.116039451846099,-0.7642319798469543,-0.6432160139083862,0.047144778072834015
30.052662511441053,3.4835379355151863,9.611172340123256,-0.048977818340063095,0.9917980432510376,-0.1180584728717804
7.7656947196318304,16.103143175131127,12.293183924114253,0.8522605299949646,0.5005611181259155,-0.15195587277412415
29.972350623792337,0.004564155678022347,0.01403050516012927,0.027564091607928276,-0.9985067248344421,0.04716547206044197
13.062919074550594,12.711406637614093,22.769135506409413,0.6853818297386169,0.6812587976455688,-0.2571735084056854
5.303206374891933,17.6500761707656,19.71066327933097,-0.8771436810493469,-0.4323594868183136,0.20900768041610718
39.029024358882495,31.706093947096864,50.491959826216195,-0.5683179497718811,-0.13777576386928558,-0.8111920952796936
53.338330540703886,33.293264817549705,32.55331896770467,0.9286603927612305,0.12684744596481323,0.3485678434371948
38.68988634736329,54.59641666620165,9.842416270863433,-0.3195653557777405,-0.9401808381080627,-0.11805906146764755
43.831630169895334,7.9187859749611205,25.490198962443685,0.525632917881012,-0.8043971657752991,0.2768668830394745
53.57767694482186,33.27020217446806,22.636790107738527,-0.9636843800544739,-0.1496535688638687,-0.2211700677871704
35.592317868094604,55.97811277560963,5.240514766822404,-0.24060462415218353,-0.9669618606567383,-0.08422679454088211
28.50865155638393,3.298334929262943,23.295673685581082,-0.06362738460302353,-0.9680464267730713,0.2425648421049118
6.8893682966783025,34.03612114729756,25.240692741467342,0.9424516558647156,-0.2136506885290146,-0.25717368721961975
13.456800358174911,8.419157518149818,2.712876394853413,0.5810105800628662,0.812359631061554,-0.049985527992248535
26.8465249383065,51.21548138572202,30.79433506237857,0.16416668891906738,-0.9284621477127075,-0.33317768573760986
39.17366771231214,49.15161447657076,38.171169473864154,0.40615224838256836,0.8027421832084656,0.4366294741630554
19.49477550581913,54.73153633603899,2.6206606246904975,0.4130195379257202,-0.9093493819236755,-0.04998554289340973
24.556483606054627,49.628832101256,40.16811014226066,-0.2283068150281906,0.8701899647712708,0.43662965297698975
17.531265284744773,12.84268094545568,32.50449660975188,0.5484994649887085,0.7669035196304321,-0.3331776261329651
41.14587877961961,51.59208098637001,30.350741268858197,0.4289035201072693,0.8477098345756531,0.3121374547481537
30.755100594602293,21.94852125460967,51.51680127199271,-0.06794135272502899,0.5073630213737488,-0.859049916267395
33.24755913004733,30.410888306955414,53.502928164330946,-0.2474908083677292,-0.038433678448200226,-0.9681276679039001
1.041172997129701,35.394927940514286,7.176162702931121,-0.9766860008239746,0.18425597250461578,0.11015509068965912
52.27262170833061,37.99728777346133,23.103920319090303,-0.916816234588623,-0.3054667115211487,-0.25717324018478394
51.3748280751545,48.3973460671513,14.080055085694902,0.757209300994873,0.6373054385185242,0.14309413731098175
56.307885098837325,24.67944424492732,2.1075053553393506,-0.9824272990226746,0.17982794344425201,-0.04998541995882988
43.46427011004242,11.016161539027777,33.99658946896242,0.5741829872131348,-0.7408198714256287,0.34856823086738586
39.65142883777024,57.86052955918727,2.539682662137999,0.3021440804004669,0.9520957469940186,0.04714498296380043
51.02683034443987,14.921260441390954,12.725224444307013,-0.8157963156700134,0.5580193996429443,-0.15195614099502563
19.561636185470462,31.757058756918788,49.588837002893555,0.6333239674568176,-0.14357180893421173,-0.760452389717102
30.550665743430034,56.1744506677734,9.518788657234019,0.007402658462524414,-0.9929791688919067,-0.11805763840675354
31.844438844897464,4.659861759421256,16.76022688480952,-0.048460282385349274,0.9813137054443359,-0.18621231615543365
10.089807442624402,16.658655396377917,32.65646367996675,-0.7633391618728638,-0.5438874363899231,0.3485681116580963
8.211270835357821,46.39011730917772,20.443931013656563,-0.7666402459144592,0.6071067452430725,0.20900742709636688
3.2275791923586876,29.149325629626087,7.044268167781961,0.9960447549819946,0.02829456329345703,-0.08422750234603882
49.906414953372725,8.49785950709308,2.7755575615628914e-14,0.0,0.0,-1.0
47.81976855788611,34.789755457296124,37.964733021041,-0.883914053440094,-0.21428512036800385,-0.4156655967235565
1.0112716552158878,33.010282181034455,10.134904845043069,-0.988345205783844,0.1050693541765213,0.11015509068965912
54.449204181456246,24.697114717162687,17.28581573560064,-0.9664523005485535,0.17690356075763702,-0.186212420463562
4.046485983036207,37.284417457811735,22.19533352672896,-0.9357558488845825,0.2559750974178314,0.2425648719072342
36.699358428085404,58.57633404014543,2.7755575615628914e-14,0.0,0.0,-1.0
1.055081257221842,33.38660189902564,10.16903264922813,-0.988345205783844,0.1050693541765213,0.11015509068965912
22.271297416234706,56.60808460271674,17.60145827778092,-0.2498171031475067,0.952174186706543,0.175942525267601
34.74161051731632,7.082900255459553,25.359971554153198,-0.20796026289463043,0.9437236785888672,-0.25717341899871826
9.655099159372234,38.244180413921754,29.996112338623632,0.871891438961029,-0.3588843047618866,-0.33317774534225464
47.123522140221894,9.071708118127273,21.509232407052586,0.5990731120109558,-0.7729342579841614,0.20900733768939972
40.44141246604552,50.14058275438989,34.79350655163152,0.41635841131210327,0.822912871837616,0.38660070300102234
9.605229451718849,25.534886360240474,39.7801759408427,-0.8786771893501282,-0.19308343529701233,0.43662938475608826
21.654753977004972,53.55848775541372,17.523061434929737,0.33002322912216187,-0.9254239797592163,-0.1862126588821411
44.344214539520785,53.245790815439626,18.954752567805972,0.5102713108062744,0.8342297077178955,0.209007129073143
27.98394188639059,6.416837745881971,24.62073273341646,0.11396604031324387,0.9596214890480042,-0.25717368721961975
50.496631319379105,46.900852634827224,22.334119356977794,0.742233395576477,0.6247016191482544,0.24256451427936554
3.7084498161348662,20.808022474955926,18.61791618061221,-0.9351403713226318,-0.2860566973686218,0.2090073674917221
11.795361828463752,50.88978253511851,18.181909465554423,-0.6593257188796997,0.722222626209259,0.2090073525905609
13.28045236473418,15.908191683707864,30.651591849770686,0.72198885679245,0.606403112411499,-0.3331776559352875
23.748302396107984,38.13978870413735,49.71795717617805,0.36339157819747925,-0.5381994247436523,-0.7604524493217468
1.442396771486512,24.621833050172395,2.7755575615628914e-14,0.0,0.0,-1.0
29.616055988913484,26.32485853524837,53.4909161259744,0.00862231757491827,0.2503088414669037,-0.9681276679039001
8.400990092541571,37.249187388580715,27.432821048961543,0.9110737442970276,-0.28853392601013184,-0.29443642497062683
56.83157169311724,29.139960459925913,1.6223468032004802,-0.9983658790588379,0.027649909257888794,-0.05001026764512062
32.84444448469658,31.930621092350194,56.0,0.0,0.0,1.0
58.664288605461934,31.66901947494841,10.950277716511371,0.9882017374038696,0.054602254182100296,0.1430940479040146
13.21708264285569,7.274061605967593,16.506792878786033,-0.579563558101654,-0.7957072854042053,0.17594321072101593
12.141459770910433,53.65414224892105,2.921075237968992,-0.6107937693595886,0.7880571484565735,0.07679139077663422
38.39418260417831,49.00557449637842,32.43129854271189,-0.37706512212753296,-0.8641843199729919,-0.3331776559352875
7.12669818891351,34.699458836135655,34.02229177324288,-0.9210366606712341,0.17375792562961578,0.348567932844162
0.5939965258790578,31.888769248171958,7.460712773128664,-0.9883452653884888,0.10506904125213623,0.1101548969745636
27.25308934665211,57.28470717936828,2.7755575615628914e-14,0.0,0.0,-1.0
11.397421532601399,49.14802949085721,22.766893432428038,-0.6540811061859131,0.716477632522583,0.24256490170955658
37.954420166831994,28.41252469696345,51.31002659916378,-0.5752227902412415,0.1052914634346962,-0.811191976070404
49.455710491576845,39.06947598980765,37.682111182416875,0.817471981048584,0.4029461741447449,0.4115506708621979
43.854590864354314,19.933637789427447,45.7754047514241,0.686165988445282,-0.45866280794143677,0.5646278858184814
4.187610333196276,22.018201906529836,4.776740810766235,0.9577155709266663,0.2751120924949646,-0.08422715216875076
57.161971013948445,25.763157180277634,2.7755575615628914e-14,-0.0,0.0,-1.0
56.75614094458667,41.61077720641905,6.734700582966558,0.9239639043807983,0.3662739098072052,0.11015492677688599
12.319332983260411,17.631351339957778,31.461216657073145,0.7701988220214844,0.5438624620437622,-0.3331776261329651
13.636510835116868,35.65687430357336,45.700041731011744,-0.7759920358657837,0.28112515807151794,0.5646282434463501
36.469681247177085,47.326296950074415,43.372871592734185,0.3229294717311859,0.7904456257820129,0.5204923152923584
31.308693716014595,59.59267789986596,0.26146002555294423,0.06551337242126465,0.9967373013496399,0.047145720571279526
54.56725423612482,36.03569307829497,27.261301817641193,0.93851637840271,0.2062319964170456,0.2768670916557312
28.540632998205915,17.24103174054421,47.3324407260889,0.0890001580119133,0.7493984699249268,-0.6561104655265808
11.707832254062698,11.23905803356058,25.637085175963282,-0.6830006837844849,-0.6759102940559387,0.2768671214580536
25.94609360697139,3.5187476982022745,7.343060815820733,0.1175142303109169,0.9894928932189941,-0.08422745019197464
34.91340665819836,29.90046112134632,52.981020584123506,-0.34344959259033203,0.004632994066923857,-0.9391596913337708
42.74226835775697,51.65256135801179,16.254289537247182,-0.46689572930336,-0.864484429359436,-0.18621237576007843
56.3944754659503,16.710991229443774,3.6128345041819374,0.907059907913208,-0.413938969373703,0.07679113745689392
31.91542041226761,26.288142920231394,56.0,0.0,0.0,1.0
50.06091268090849,8.33416909733268,4.878737973794766,0.672226071357727,-0.7363526225090027,0.07679107785224915
17.48966652347865,6.479547082648782,23.912959359450657,-0.43797776103019714,-0.8656429052352905,0.2425650656223297
58.10518215108072,22.881148379726866,9.127987218201115,0.9586923122406006,-0.26224958896636963,0.11015529185533524
48.431908893574146,49.21983038768246,4.062328430742909,-0.6766803860664368,-0.7314434051513672,-0.08422737568616867
28.765819359848347,39.679022051364186,50.04740701344714,0.059161897748708725,-0.6466931700706482,-0.760452389717102
23.00775350209545,1.3790633598209023,7.759669240482167,-0.2234342247247696,-0.9684745669364929,0.11015503853559494
31.247558097070613,54.8447545755771,28.74561620399061,0.06230918690562248,0.9479912519454956,0.31213808059692383
31.44845146893558,55.093159310187666,27.87782765424822,0.06302221864461899,0.9588395357131958,0.2768663763999939
1.671805717127075,29.948292751666916,15.73161800071646,-0.9840837717056274,0.0249584149569273,0.17594364285469055
49.73009289797651,47.92938527083901,3.573937163565053,-0.7372130751609802,-0.6738088130950928,-0.049985479563474655
45.20232752496819,46.874885722808195,34.71532347882349,0.6011953949928284,0.6993597745895386,0.3866005837917328
26.791027428506734,57.384295096136,18.15831437808867,-0.09322468936443329,0.9734604358673096,0.2090071588754654
34.686409070009006,38.514751919462896,50.00999348756857,-0.30859631299972534,-0.5713844895362854,-0.7604525685310364
7.7645295715098195,24.943062131552537,35.535090436734464,-0.9007564187049866,-0.19793495535850525,0.386600136756897
12.29565833813327,48.65713497092961,13.937517171427576,0.6819506883621216,-0.715438723564148,-0.151956245303154
14.508843831170706,13.701956874356688,28.835281433751476,0.6777968406677246,0.673720121383667,-0.29443612694740295
55.34245945669998,29.917433393779625,27.228053007429157,0.960599422454834,-0.024362077936530113,0.2768669128417969
4.105942191697378,25.340907511878733,25.160286813824943,-0.9612098932266235,-0.13129299879074097,0.24256491661071777
34.75459126280408,52.55268118865491,33.931912068216846,0.21070323884487152,0.9132931232452393,0.3485681712627411
32.17552943043958,56.469553399149454,5.533825227339451,-0.07597585022449493,-0.9935458898544312,-0.0842273011803627
22.941361127186124,15.968355286723671,43.58849377300521,0.36459869146347046,0.7484381198883057,-0.5539929866790771
26.70630298451512,7.916100205375732,29.182797683362402,0.1127057746052742,0.9490020871162415,-0.2944358289241791
34.36199779550232,17.83259373255831,50.94085230447311,0.23512645065784454,-0.6707989573478699,0.7033806443214417
5.4281585092106255,34.39223952397521,19.04174938768417,0.9581965208053589,-0.21721956133842468,-0.18621250987052917
34.76842563370565,26.490558821774492,52.59986494127475,-0.3557911515235901,0.2433677315711975,-0.9023218750953674
14.131816266795193,6.399038622888933,15.562647600458805,-0.5795633792877197,-0.7957074642181396,0.17594309151172638
30.845952129037567,17.0308369401077,50.923799562299344,0.06776155531406403,-0.7075762152671814,0.7033805847167969
58.650180284863,34.491374612948555,2.7755575615628914e-14,0.0,0.0,-1.0
56.50648189515056,31.740733899258395,5.486941305952197,-0.9939863085746765,-0.06997928768396378,-0.0842268168926239
52.029381867669194,39.89163027936699,20.989089143591457,-0.8961913585662842,-0.38460999727249146,-0.22117003798484802
30.258386716532687,5.542468956466388,21.371638824339573,-0.04810148850083351,0.9740481376647949,-0.2211705595254898
15.560900056701188,32.42133540367048,45.03351874726214,0.7889890074729919,-0.11050345003604889,-0.6043883562088013
45.419868552341434,19.158382539028224,37.43606881516973,-0.7506986856460571,0.5134915113449097,-0.4156656265258789
16.016110454438888,39.05481349270899,41.78208180435317,0.7318741679191589,-0.45684367418289185,-0.5056224465370178
41.5394700400593,51.885349422343594,29.013449350936813,0.4289039671421051,0.8477094769477844,0.31213778257369995
51.466112559219965,14.387776759231764,7.470078516819169,-0.8224481344223022,0.562569797039032,-0.0842272937297821
42.615669477374226,25.69907477081478,46.43658132583895,-0.7487729787826538,0.27212873101234436,-0.6043881177902222
44.99678814633795,55.476138091126906,0.3455064382727562,0.5212164521217346,0.8521212339401245,0.04714592173695564
15.070520055127075,54.31200415602291,2.7755575615628914e-14,0.0,0.0,-1.0
4.666040437253669,29.09741139002464,28.386963546694503,-0.9594449400901794,-0.05301313102245331,0.2768664062023163
22.651898864603528,53.51857470868128,19.361357113297043,0.24956674873828888,-0.9427619576454163,-0.22117029130458832
56.88952807816511,30.28648775620474,0.7183104972875025,-0.9986473321914673,-0.014181658625602722,-0.05002444609999657
38.64080786590961,51.402851448539494,33.78534691966215,0.35447725653648376,0.8676671385765076,0.34856799244880676
22.35174017324081,13.373583614910313,44.42743206268634,-0.32292985916137695,-0.7904453277587891,0.5204925537109375
27.67306439540428,6.840057753192172,34.37268159722063,-0.061472322791814804,-0.935265302658081,0.3485684096813202
47.81122897368078,39.1265324747428,34.34484181868564,-0.8187600374221802,-0.43584007024765015,-0.373731791973114
26.699470429653836,55.46390603198555,26.139554988102,-0.09160271286964417,0.9565322995185852,0.27686625719070435
49.71367218548048,18.897582261619988,35.32330014431268,0.8054806590080261,-0.4491557776927948,0.3866005539894104
12.282660718367843,51.43118258651097,17.580146355833033,-0.6030471324920654,0.7780605554580688,0.17594289779663086
8.260207807054584,34.65937068663599,29.26714717945586,0.9320223927497864,-0.21128545701503754,-0.29443633556365967
53.5750517922928,17.366398922887775,4.79107419105636,-0.8666385412216187,0.491775780916214,-0.08422745764255524
35.844187033116576,42.09913404349826,46.1402368928014,-0.37859344482421875,-0.7009866237640381,-0.6043878793716431
55.09355740415173,22.731852603226116,10.337650842547301,-0.958391010761261,0.25990161299705505,-0.1180584505200386
41.64856574591092,57.120203349192074,1.5930709235704008,0.3777763843536377,0.9246957302093506,0.04714614897966385
29.305534400511764,56.45627722153138,23.02433833578466,-0.014475059695541859,0.9700270891189575,0.2425653338432312
21.066697515515692,50.696521526432136,35.47410226260399,-0.37410932779312134,0.8429605960845947,0.386600136756897
53.24200247940068,43.94362212315565,19.946220012320612,0.8395090699195862,0.5015380382537842,0.20900751650333405
50.471832708222074,25.371667861160386,38.887601156189966,0.8840471506118774,-0.16678008437156677,0.4366292357444763
9.390161528829987,37.86655996300716,37.07558163982064,-0.8670997619628906,0.31413114070892334,0.3866001069545746
34.53019470626369,49.5023703549931,40.674487193614866,0.1974824070930481,0.8559861779212952,0.4777953326702118
43.1120024413208,29.927942593916253,46.61453310713659,-0.7545962929725647,0.010179664939641953,-0.656110405921936
41.23371167926942,55.040880190934395,18.47519670872289,0.3698430061340332,0.9052801728248596,0.20900700986385345
3.129474514298535,33.48939797252427,2.523646569418043,0.9890958666801453,-0.13853061199188232,-0.049985937774181366
17.947068830340942,50.06945197601056,24.63618409561235,0.471850723028183,-0.8433377742767334,-0.2571735978126526
43.2535370669712,55.901158459713294,7.179624114779687,0.4487135410308838,0.886860728263855,0.1101553812623024
22.17221802306059,40.27290964192935,47.00417645051613,0.4223001301288605,-0.6254448294639587,-0.6561107635498047
55.61400579069874,26.257698432556747,12.101985981806866,-0.9837157130241394,0.09598322957754135,-0.1519560068845749
36.913257452318405,55.951264669235464,0.3944348559905251,-0.24116066098213196,-0.9691970944404602,-0.049984823912382126
42.580353587591595,55.90937969429204,9.855618598376834,0.4487134516239166,0.8868607878684998,0.11015531420707703
14.360691998654943,38.894625845746546,44.65366330176224,-0.745757520198822,0.41585278511047363,0.5204922556877136
52.757775563610174,12.779016679297948,13.239808043225427,0.7758869528770447,-0.6144293546676636,0.14309436082839966
45.48671637905544,50.551784513581936,25.613678119940786,0.5657325983047485,0.7767183184623718,0.27686697244644165
47.66457441149706,47.48243144313656,28.626281506166563,0.6752731800079346,0.6682634949684143,0.31213781237602234
53.1338514387796,42.90432218072722,22.706506448855915,0.8328311443328857,0.49754852056503296,0.2425650656223297
37.76937487676166,4.6807200027750175,9.21844282969339,-0.29408952593803406,0.9484585523605347,-0.11805830895900726
13.513904679572732,47.335717424480485,22.89122193936742,0.666755735874176,-0.69949871301651,-0.25717371702194214
21.275864825018207,54.1755712634973,13.431347004073823,0.331996887922287,-0.9309605956077576,-0.15195554494857788
58.91471830415947,26.795086183715764,7.90342187006641,0.9883453845977783,-0.10506825894117355,0.110154889523983
32.904526009025396,37.880207782324845,51.04758836228786,-0.188192680478096,-0.5536704063415527,-0.8111920952796936
52.82913417542969,39.96323579506038,17.339742181470264,-0.9028756022453308,-0.38747984170913696,-0.18621237576007843
14.880198651533862,4.612639446481904,2.7755575615628914e-14,0.0,-0.0,-1.0
55.949676927814046,27.8768569327016,10.800261462920297,-0.9883131980895996,0.09643182158470154,-0.11805891990661621
52.360387885352345,12.225121455450212,2.7755575615628914e-14,-0.0,0.0,-1.0
20.707148198645594,6.097250342826275,27.503879947183595,-0.3634122312068939,-0.8895370960235596,0.2768670320510864
49.2813120329134,8.589892338836872,11.571072602019399,0.6672784090042114,-0.7309333682060242,0.1430942267179489
53.15044495871186,39.359997478165006,28.308232603252236,0.8932810425758362,0.3541095554828644,0.2768671214580536
7.3612353502024686,43.114595291514895,11.537053878044418,0.838448166847229,-0.5233680009841919,-0.15195602178573608
43.584779368085066,40.41568497975791,45.50582946356225,0.6721752882003784,0.4789312779903412,0.5646283626556396
47.59275369675738,9.641506122663397,3.7323353288886487,-0.6582217812538147,0.7511627674102783,-0.049985356628894806
48.892440393853335,52.017282747047474,7.827426811166831,0.6479135751724243,0.7537067532539368,0.11015492677688599
57.6544255991755,22.34099959004644,11.483294287647901,0.9546359777450562,-0.2611401081085205,0.14309413731098175
11.237719296090598,39.609600329098676,32.409097703704354,0.8388030529022217,-0.43058329820632935,-0.333177775144577
19.905149228813208,36.62863898461697,48.05601333867024,0.5654293298721313,-0.422577828168869,-0.7083202600479126
37.92136981484486,46.04626815693542,44.333128832332726,0.3854866325855255,0.7618973255157471,0.5204926133155823
27.69357797469517,56.13090258030549,9.115835068478225,0.09046660363674164,-0.9888771176338196,-0.11805853992700577
14.998445883290781,9.365443205202844,28.011473956131955,-0.5657324194908142,-0.7767184972763062,0.2768667936325073
42.299489341023175,25.008417360003044,46.514050162206814,-0.7092753648757935,0.2577739953994751,-0.6561105251312256
19.33508370014106,21.60990774417543,46.561499532969925,0.5778769850730896,0.4853629171848297,-0.6561105251312256
8.880566651821985,12.795174726726964,1.5579302144903329,0.7647825479507446,0.6423465609550476,-0.04998563975095749
39.73385868564041,55.841559860626774,17.57408705979936,0.37229713797569275,0.9112842082977295,0.17594298720359802
6.791563039636317,12.906533068218252,13.067294857143295,-0.806035578250885,-0.5743089914321899,0.1430937498807907
16.12831236222543,25.12637829232611,49.20704126454523,-0.7214890718460083,-0.2207016944885254,0.6563110947608948
52.65346948029764,44.91995207154546,19.911932220660276,0.7964295744895935,0.5674644112586975,0.20900751650333405
12.192038139476608,18.299626609703452,38.99637554701667,-0.7326829433441162,-0.5220445990562439,0.4366292953491211
23.95529140001554,14.659030298459284,47.016507059584804,-0.29968082904815674,-0.7335392236709595,0.610009491443634
35.8961473415813,8.84482559815616,37.34689341615989,0.23128783702850342,-0.881551206111908,0.41155001521110535
30.993001784736542,9.553364022349648,34.16901839405607,-0.04574858769774437,0.9264078736305237,-0.37373191118240356
43.71670786189908,50.02322817093135,30.437622107963417,0.5593321919441223,0.7679306864738464,0.31213778257369995
25.507943931846278,1.0462574693467122,9.114295954660879,-0.14477945864200592,-0.9833131432533264,0.11015503108501434
30.373292253007257,54.35162653513386,20.33185399554451,0.0072711859829723835,-0.9752081036567688,-0.22117038071155548
32.83017713900249,57.11398699200933,19.509369823082853,0.14245004951953888,0.9674832820892334,0.2090073674917221
3.0419274047958167,41.739018982496525,7.241214233153324,-0.9042097926139832,0.41263848543167114,0.1101551204919815
14.061510130275789,50.48507686908352,12.30177214633299,0.6196922659873962,-0.7699940204620361,-0.15195629000663757
10.697489843807961,17.497984629492322,35.17872118705839,-0.7917206883430481,-0.4729888439178467,0.38660046458244324
41.8103664688272,22.46401585746434,45.60937049259219,-0.6929042339324951,0.39319029450416565,-0.6043881773948669
29.16660032265298,19.02173106421399,49.24628848618778,0.024300748482346535,0.7054729461669922,-0.708320140838623
35.796927569687114,47.79669579961041,43.00849248759228,0.2582777142524719,0.813867449760437,0.520492434501648
1.9981981602341876,34.3886021110262,15.495856320900558,-0.9673365950584412,0.18249313533306122,0.17594358325004578
15.040387652335601,48.886365071440785,22.085300452275188,0.6114461421966553,-0.7597482204437256,-0.22117024660110474
8.939426045410718,46.844701153262406,3.1481796649961584,0.8000138998031616,-0.597895622253418,-0.0499853678047657
58.41865833745488,25.388918028030396,10.778461015746679,0.9725533723831177,-0.18347744643688202,0.14309419691562653
12.552339991563827,12.857716980349487,31.278447648756767,-0.6752734780311584,-0.6682633757591248,0.3121374547481537
17.48231965128824,44.646087168536845,42.4205796388596,-0.5381543636322021,0.6943353414535522,0.4777953028678894
42.17521341789714,9.74218021792815,33.06507318891331,0.51270991563797,-0.7846202254295349,0.3485679626464844
14.824063184393989,23.893240292806723,47.183191561396626,-0.7366265058517456,-0.29200980067253113,0.6100095510482788
14.058219330024091,53.42072478896418,14.487847316518183,-0.5384838581085205,0.8240626454353333,0.17594289779663086
12.69914388850021,8.97947652546166,1.8822287379614966,0.646949052810669,0.7608931660652161,-0.04998553916811943
24.743022121703856,12.620546592585288,39.34602026705796,0.2503848969936371,0.8522263169288635,-0.45936664938926697
57.17316620566235,35.3713084058591,17.18114582773927,0.9614610075950623,0.21127396821975708,0.17594316601753235
8.526448449034335,15.09815837649019,12.796818564035828,0.8073858022689819,0.570120632648468,-0.15195588767528534
26.70738054139916,41.20777678612981,48.278090346926476,0.18063978850841522,-0.682387113571167,-0.708319902420044
36.04698931253007,56.18442573781187,21.159111551752243,0.21983769536018372,0.9528835415840149,0.2090080976486206
8.92825270099076,45.43030915186483,25.249442015665235,-0.7533087134361267,0.5965489149093628,0.2768670916557312
24.900181847031178,20.85883568501066,49.7676247527671,0.33225303888320923,0.5579606294631958,-0.760452389717102
51.85642280622964,38.4534616184964,32.840526062046585,0.8713187575340271,0.3454042077064514,0.3485679030418396
19.264444767823186,20.56494178099443,45.61449114990067,0.6100574731826782,0.5123915076255798,-0.6043879985809326
17.66039715339217,6.013250899399296,22.557158025911797,-0.43797767162323,-0.8656429648399353,0.24256500601768494
18.861796452901864,29.48722187531221,49.09799047938427,0.7056068778038025,0.02004389837384224,-0.7083199620246887
56.47561519511211,43.126403107943375,0.6282181924646673,0.8959562182426453,0.4416331648826599,0.047144871205091476
58.385314265385695,22.393114508012776,5.01578522670567,0.9617142081260681,-0.2630758285522461,0.07679105550050735
45.70638418495894,8.365920050836138,6.02909814022669,-0.5916901230812073,0.8017534613609314,-0.08422702550888062
22.1621388550143,41.23085201901342,50.01488649486196,-0.38882744312286377,0.5950369834899902,0.7033805847167969
6.8100490560932165,18.50080662952071,26.682927243776717,-0.8618904948234558,-0.4248405694961548,0.2768668532371521
33.11497926887031,49.26513298805805,41.62880545957944,0.1279633790254593,0.8691012859344482,0.4777953028678894
16.021977302002067,41.69956567346889,44.21389769550386,-0.669393002986908,0.5300949811935425,0.520492434501648
44.80462225853829,7.38737635230497,2.2958575169322497,-0.5237335562705994,0.8504143953323364,-0.049985308200120926
28.034105948020134,46.95000766599901,40.74435771152076,0.07860109210014343,-0.8591670393943787,-0.5056222677230835
15.450811032691977,16.39419512562299,35.73091611407183,0.645063042640686,0.6411831378936768,-0.41566556692123413
3.0674751380818397,26.679121222719232,2.5779523647912943,0.9924727082252502,0.11180058121681213,-0.04998568817973137
49.70262328004373,30.774671234679293,35.21506596536134,-0.9252464771270752,-0.06514018028974533,-0.37373220920562744
23.198804147733522,23.714887205220606,53.89436507070647,-0.3738902509212494,-0.37000858783721924,0.8504703044891357
32.617879765073795,5.206986105202534,19.184564599781027,-0.12943968176841736,0.9666069746017456,-0.22117047011852264
8.694256790000965,16.621381799041835,18.47095530295637,0.8471920490264893,0.4975847005844116,-0.18621253967285156
5.693864122561709,17.804452389296998,2.2539221035479304,0.9005005955696106,0.4319723844528198,-0.04998564347624779
53.04217247730667,47.53757454597066,8.47503437151216,0.8094604015350342,0.5767492651939392,0.11015516519546509
56.91461737665072,32.93271059236088,20.32648735742724,0.968917191028595,0.132345512509346,0.2090073972940445
53.441964853260714,23.402494909806737,20.532262291199885,-0.9412389993667603,0.2552507519721985,-0.221170112490654
19.267664607527806,6.581047415821129,15.225356725898443,0.43285948038101196,0.8885617852210999,-0.15195608139038086
15.347158577545855,49.6077403539573,20.42231719046322,0.5457276105880737,-0.8082481026649475,-0.2211703211069107
6.374465260781141,38.50299095678519,28.882745859048732,-0.8932273387908936,0.32359689474105835,0.31213775277137756
32.449570599816475,1.1124085075896253,11.318968005408028,0.09434819966554642,-0.9852017760276794,0.14309383928775787
40.76175007791926,8.970024097824222,24.319398782992558,-0.4361210763454437,0.8623573780059814,-0.2571735084056854
3.1731201748375613,33.19440921475507,4.0314440860765925,0.9868147969245911,-0.13821113109588623,-0.08422697335481644
19.700517236207045,57.650971796380524,3.7179839520044213,-0.3298094868659973,0.9409191608428955,0.07679084688425064
4.574438021305172,15.300277171646238,8.872072314925028,-0.853244423866272,-0.5097449421882629,0.11015486717224121
31.289690405171196,56.90125851507928,21.012277727616162,0.06413757801055908,0.9758085012435913,0.2090073823928833
35.38726197464507,17.64409705815508,46.49451909313004,-0.340580552816391,0.6734418869018555,-0.656110405921936
47.98762849930685,40.13394638324036,39.37967912657247,0.772314190864563,0.4613949954509735,0.43662968277931213
39.55111775959363,54.989118322898726,2.584648842194988,-0.3214143216609955,-0.9456184506416321,-0.0499856173992157
50.56379012791522,8.997858958644489,6.7364558034211415,0.7270063161849976,-0.6777371764183044,0.11015525460243225
41.753728153579026,8.565930709103032,21.02399784290196,-0.5114027857780457,0.8303920030593872,-0.22117021679878235
10.302993913027237,49.67591119242581,17.58299613700219,-0.6636987924575806,0.7270129919052124,0.17594324052333832
24.45548328266909,0.7173562290085206,3.9608927616266016,-0.14523611962795258,-0.986412525177002,0.07679086923599243
39.6603714637313,16.8992024388496,47.04846109616697,0.48542314767837524,-0.6263008117675781,0.6100095510482788
0.5865570291050589,24.82785498862055,3.099445657868153,-0.9878742694854736,-0.13493523001670837,0.0767914280295372
51.97661637744313,36.01985884151685,34.614399660610694,0.8819082975387573,0.2697732448577881,0.3866007924079895
56.828401141953,38.37535186408671,14.82106138037662,0.9413427710533142,0.28795430064201355,0.17594340443611145
5.138017943587583,40.140222093302924,22.56739016846197,-0.8825764060020447,0.40276676416397095,0.24256516993045807
13.960021605029464,12.07054816603773,23.3330061703527,0.6259720325469971,0.73622065782547,-0.2571735382080078
51.63729981880397,20.988132332918006,24.44556018775022,-0.9082427024841309,0.3300863802433014,-0.25717347860336304
32.57667605755241,51.11893095201534,38.16423205105265,0.13104775547981262,0.8900456428527832,0.43662935495376587
36.355751065108294,1.5734163403096018,10.189015889293305,0.2522317171096802,-0.9613766074180603,0.11015508323907852
54.6622905948789,16.109430949802334,14.517771272311533,0.8597645163536072,-0.4794257581233978,0.17594300210475922
28.30226196963135,45.98666874708827,42.422972715387914,0.07860080897808075,-0.8591670989990234,-0.505622148513794
13.025487305554105,15.903056946208787,37.373617977461215,-0.6972857713699341,-0.5868717432022095,0.411550909280777
48.191678239929686,10.841448391921894,9.005259411480482,-0.714635968208313,0.6894617676734924,-0.11805864423513412
55.06426194755867,32.06309861399744,27.86351393277973,0.9594449400901794,0.05301302671432495,0.27686646580696106
57.710533513712136,39.049510711462595,6.8660895339307855,0.9504407644271851,0.29073724150657654,0.11015532910823822
40.40210806348404,25.86710659684228,52.28443059558176,0.6084534525871277,-0.22042930126190186,0.7623616456985474
36.014056372446134,55.854709592446724,22.554698835478227,0.2180890589952469,0.9453040957450867,0.2425641566514969
8.173765924556937,21.126599801790043,33.67954019190444,-0.8713187575340271,-0.3454042077064514,0.3485679030418396
36.541015467406645,3.9924291287239253,22.76269482197896,0.24619662761688232,-0.9383760094642639,0.24256490170955658
50.20223439366964,20.232285454605236,27.92292957961708,-0.8677266240119934,0.4004471004009247,-0.29443609714508057
5.907142733840555,15.52829775027182,17.297408547716227,-0.8450770378112793,-0.5048651695251465,0.17594292759895325
25.22886146221941,58.27441512862808,11.510245483275074,-0.1733185052871704,0.9744150638580322,0.14309419691562653
33.938172585087266,12.378120603014684,44.65687883382691,0.2166900932788849,-0.8259134292602539,0.520492434501648
30.079291378250815,14.181683871481043,47.81665420138093,0.011822463944554329,-0.7923058271408081,0.6100096106529236
52.69711618526427,37.675592573236024,21.842329244137684,-0.9252312183380127,-0.3082704544067383,-0.22117066383361816
41.67339889655659,45.09861336493915,36.49584958261794,-0.559614896774292,-0.7169750928878784,-0.4156656563282013
13.37956554734985,35.06204150336523,45.64307510476029,-0.7759923934936523,0.28112471103668213,0.5646279454231262
44.78432870016066,6.2330999399825755,16.95746854102311,0.5384832620620728,-0.8240629434585571,0.1759432703256607
39.39800835770645,51.93828472904703,22.216615357386278,-0.39001017808914185,-0.8938543796539307,-0.22117066383361816
42.44524710325931,53.07805203073739,8.580991379969442,-0.4718838334083557,-0.873720645904541,-0.11805877834558487
13.315851012821222,32.574503299427604,41.55560100437082,0.8544156551361084,-0.11966764181852341,-0.5056219100952148
13.733304400257481,6.697813627521646,15.601151718361335,-0.5795633792877197,-0.7957074642181396,0.17594309151172638
16.394773826013626,20.72059210287892,42.41780897635709,0.7047602534294128,0.4976540505886078,-0.5056217908859253
31.48971362181443,6.271799754541528,24.080617112815318,-0.04766393080353737,0.9651890397071838,-0.25717365741729736
5.353353777436993,40.1700998874003,7.535676630258375,0.921440601348877,-0.3792794346809387,-0.08422748744487762
32.52441379772591,14.368579700662698,43.283024919333634,-0.11049753427505493,0.8251557350158691,-0.5539931058883667
12.22232974774249,15.325209315265893,26.967235891113177,0.7317955493927002,0.6146402955055237,-0.2944360375404358
5.1297587741942134,41.856007267371076,19.34374019598645,-0.889653205871582,0.40599629282951355,0.20900756120681763
43.01127400604395,45.97163233964658,39.460389858133986,0.5864589810371399,0.6822174787521362,0.4366293251514435
17.849384823251956,56.86766527477496,4.136895703921942,-0.4044502377510071,0.9113304018974304,0.07679123431444168
14.78344761433426,51.46088730460044,9.440449207935167,0.5556718111038208,-0.8229769468307495,-0.11805851757526398
55.71838107772098,35.77435321071833,23.306115136404117,0.9475283622741699,0.2082124650478363,0.24256452918052673
5.7160637084923565,35.92232928719036,29.309227156702526,-0.9163696765899658,0.25067242980003357,0.3121377229690552
38.990695125915046,16.972313832742635,43.129490244427224,-0.49435123801231384,0.6698572039604187,-0.5539929270744324
34.591227466977024,1.4276217939277482,11.591169477611112,0.1733177751302719,-0.9744151830673218,0.14309419691562653
18.001959596325772,30.402444422433984,51.81702632546474,-0.6469433903694153,0.016407055780291557,0.7623615264892578
18.86599916195135,26.51613031975024,48.620159401528625,0.6784538626670837,0.19489142298698425,-0.7083203196525574
57.81501508665694,21.02827601995325,2.7755575615628914e-14,0.0,0.0,-1.0
46.87697729033097,12.046213862111742,19.891501948899034,-0.7018463611602783,0.6771228313446045,-0.2211703211069107
17.832341939009478,4.435472168039827,16.156747202892245,-0.4444172978401184,-0.8783719539642334,0.1759430468082428
23.824591515695985,53.50082980291664,20.760252912436766,0.24956625699996948,-0.9427621960639954,-0.22117000818252563
4.149337033348299,18.220491696116834,2.7755575615628914e-14,0.0,0.0,-1.0
4.641289974950984,23.331358616303856,12.121417601296212,0.949969470500946,0.2728869915008545,-0.15195618569850922
42.961452165817185,56.33868842031426,4.035449225603472,0.4501274526119232,0.8896563649177551,0.0767904669046402
45.45152101442777,18.800790487216908,42.70093892975259,0.709877073764801,-0.47451281547546387,0.5204921364784241
42.758846349449094,5.136838409723316,17.316119909097438,0.47042790055274963,-0.8647205233573914,0.17594313621520996
38.888314619690725,58.12576902095384,2.7755575615628914e-14,0.0,0.0,-1.0
37.53192397911723,45.08210755917605,45.88339874746171,0.37261053919792175,0.7364487648010254,0.5646278262138367
25.78922196508102,0.3884261186882982,1.896727412038726,-0.1455048769712448,-0.9882336258888245,0.04714512079954147
31.205777548389705,18.665277793768364,52.32109109026222,0.06169256195425987,-0.6442039608955383,0.7623616456985474
23.076760111837036,7.941306983933011,26.665783695256582,0.26939138770103455,0.9169164299964905,-0.2944360375404358
11.877958248405697,11.653013784466294,27.067349275813154,-0.6830006837844849,-0.6759102940559387,0.2768671214580536
15.865758977429946,37.13816564151738,43.166061560659465,0.7406386733055115,-0.38019251823425293,-0.553992748260498
5.093008250453907,39.3347037350562,23.561404413459222,-0.91212397813797,0.3304421603679657,0.24256516993045807
45.298527665876165,54.187925952901146,11.238841948430263,0.5164260268211365,0.844291627407074,0.14309385418891907
23.298506969269067,9.797646762262765,38.96762334001873,-0.27212414145469666,-0.8574981689453125,0.4366295337677002
49.57086901017077,26.173919496265263,40.94767617914229,0.863243579864502,-0.1628553867340088,0.47779563069343567
46.99255053137505,53.47100233711212,8.167461958564914,0.5851649641990662,0.8033976554870605,0.11015520989894867
1.479360102103456,20.686038215504578,0.4279075224977782,-0.9551966190338135,-0.29219314455986023,0.04714405909180641
37.02616369475526,49.88843789189412,31.562786267667175,-0.30342936515808105,-0.8927056193351746,-0.3331776261329651
23.020776639770286,58.76700312247498,1.9036714148512273,-0.2534931004047394,0.9661876559257507,0.047145310789346695
20.92114141373439,33.028082089528475,53.61613841198049,-0.49456822872161865,0.17917165160179138,0.8504703044891357
35.36785274859185,33.73238897815292,52.212673975659534,-0.43014761805534363,-0.27750009298324585,-0.859049916267395
52.76119498648762,11.339893716577159,5.653035609072764,0.781639814376831,-0.6189848780632019,0.07679121196269989
49.689104482350935,13.690763497117823,14.821387161876658,-0.7662410736083984,0.624326765537262,-0.15195614099502563
56.01809748741239,28.97095364097362,10.705073931439552,-0.9929162859916687,0.013394412584602833,-0.1180587187409401
52.4260591150051,38.753924271537436,21.360181319257265,-0.8961907625198364,-0.38461101055145264,-0.22117064893245697
48.08560268414279,41.84048044845503,37.35279952081707,0.7422485947608948,0.5288599133491516,0.41155096888542175
16.241140798907946,50.116506751228805,20.76892990093206,0.5457277894020081,-0.808247983455658,-0.22117042541503906
54.51372627084983,39.84382578119695,6.820843686976366,-0.9156832695007324,-0.39297568798065186,-0.08422746509313583
9.555725685335695,50.734900197358556,9.108047731687785,-0.6701135039329529,0.734039306640625,0.11015530675649643
25.556912179332596,4.4989702032062135,26.591523554772568,-0.13997165858745575,-0.9506590962409973,0.27686670422554016
51.5510856846875,48.176776395159195,14.129716136764793,0.757209300994873,0.6373054385185242,0.14309413731098175
21.322073721097222,4.263138151243191,2.9486931669324354,0.28153425455093384,0.9582483768463135,-0.04998548701405525
38.29942434313158,45.50685944736785,39.596977714460124,-0.4221016466617584,-0.7815449833869934,-0.4593665599822998
24.948470708504892,0.6806976659870713,4.422394859548238,-0.14523611962795258,-0.986412525177002,0.07679086923599243
4.283656060009372,16.3465131980227,11.047921499939386,-0.8877233862876892,-0.4375742971897125,0.1430942863225937
15.290468745291323,42.09274354611997,42.87269163735868,-0.669393002986908,0.5300949811935425,0.520492434501648
11.516424618274387,49.72412008738787,0.8247067599827682,0.6890999674797058,-0.7229403257369995,-0.049985263496637344
46.98747977772069,48.33599134486518,28.2149798626492,0.6263977289199829,0.7286772727966309,0.27686694264411926
53.01387965522201,11.100215836564692,0.08682111519987679,0.7830832600593567,-0.6201273202896118,0.04714503884315491
18.087682921805513,42.05960738440406,41.18362218002841,0.595268964767456,-0.6245005130767822,-0.5056222677230835
34.41985040964139,2.0434686761575795,2.7755575615628914e-14,0.0,-0.0,-1.0
34.260181007923265,4.119646336124684,25.185056901171563,0.16827392578125,-0.9460594058036804,0.27686721086502075
30.325570538699125,7.046753801337763,27.071645705107052,-0.04713647440075874,0.9545081257820129,-0.2944357991218567
40.58772430898207,37.20222207242893,46.894640156778856,-0.6341519951820374,-0.40910881757736206,-0.6561107039451599
50.07662635587408,30.786597413889286,34.28706904745905,-0.9252464771270752,-0.06514015793800354,-0.37373217940330505
21.575842696767083,34.07376111068497,53.73351085045424,-0.45942309498786926,0.25618523359298706,0.8504701852798462
46.247512403248145,21.922229233974708,44.17383712546552,0.7768016457557678,-0.35449570417404175,0.5204920768737793
23.550010534203107,23.88279516296596,54.1218163546866,-0.3738902509212494,-0.37000858783721924,0.8504703044891357
12.168122968810177,9.711747623430286,5.186838487377907,0.6454570293426514,0.7591383457183838,-0.08422728627920151
25.238101949490076,38.1596764230812,50.383140030703046,0.3170812129974365,-0.5667200088500977,-0.7604524493217468
14.425635815988905,36.20818444147528,41.66300096321289,0.7978125214576721,-0.3283917307853699,-0.5056224465370178
30.199059143652246,53.92400960676194,22.211622185106066,0.007270385976880789,-0.9752081632614136,-0.22116994857788086
3.6231714172975433,36.391645389839,1.3467158539695756,0.9740350246429443,-0.2208103984594345,-0.04998544603586197
15.260095232303529,17.747199520003413,43.007717102914256,-0.6532781720161438,-0.549832284450531,0.5204921960830688
43.97297044151581,21.933342611853387,47.1067904443603,0.6920683979988098,-0.38591429591178894,0.6100093722343445
6.151071003717829,34.3234675171558,31.63177780645585,-0.921036422252655,0.17375850677490234,0.34856829047203064
42.932317126592906,38.95179640653561,42.87660351177292,-0.6995759606361389,-0.4513149559497833,-0.5539929866790771
2.7906102026972657,25.377445029817387,19.670646082054805,-0.9689172506332397,-0.13234516978263855,0.20900757610797882
39.115677902468676,26.209356486735587,53.28099847207216,0.5545447468757629,-0.2008991837501526,0.8075392842292786
48.76791618976818,43.21301696364545,25.75032285796816,-0.7653614282608032,-0.5899861454963684,-0.25717347860336304
12.020006003428149,44.07346256718293,27.032314700626547,0.7655066847801208,-0.5721074342727661,-0.29443609714508057
31.241185311236844,52.04791909346303,36.34568162949384,0.0604865625500679,0.9202616810798645,0.3866003453731537
38.024652751780295,56.62090272565408,16.513813837661537,0.2977609932422638,0.938287079334259,0.1759425550699234
54.98349801812564,24.169081335378635,13.710373724378432,-0.9722339510917664,0.17796215415000916,-0.15195585787296295
2.90026412085999,30.842838687705452,2.6315395650987994,0.9972189664840698,-0.0552792064845562,-0.049985338002443314
56.051117091612,34.59996860804929,23.01441530756475,0.9475283622741699,0.20821231603622437,0.2425646036863327
38.11146535389074,56.012079016110114,19.366850936549294,0.29580041766166687,0.9321039319038391,0.20900806784629822
25.70808272076249,22.772745156160596,54.39558234010375,-0.23789426684379578,-0.3889272212982178,0.8900235295295715
56.719137540473504,28.27997459873402,3.3074348593886174,-0.9940293431282043,0.09698992222547531,-0.049985624849796295
38.43790834216442,3.897794404336541,20.01682514075651,0.32347890734672546,-0.9228636026382446,0.20900745689868927
10.212702343971435,37.50197702462639,32.25477192307136,0.8718913197517395,-0.3588848412036896,-0.33317744731903076
13.386800394220758,36.782121065418245,44.77121357337304,-0.7508544325828552,0.3426551818847656,0.5646281838417053
57.336194829184855,30.436175519813833,19.19197604888157,0.9764247536659241,0.053951289504766464,0.20900720357894897
12.042669597107633,20.62212295125535,41.037469522806944,-0.7879477739334106,-0.3883934020996094,0.4777958393096924
6.586396176823744,27.989356884494292,33.76004588322306,-0.9358559250831604,-0.05170918256044388,0.3485683500766754
34.74552718628035,13.593966892838942,41.16647817387998,-0.25551390647888184,0.8240503072738647,-0.5056220889091492
29.73698520452216,59.42442166915593,3.891565871323472,-0.014875287190079689,0.9969362020492554,0.07679145783185959
16.77224686299173,3.858572563075441,9.44777440811297,-0.4487132132053375,-0.8868609070777893,0.11015520989894867
41.68894778057279,53.20741255720928,10.646596310832596,-0.4718843400478363,-0.8737204074859619,-0.1180584579706192
45.600772806974035,24.027894679201726,46.29512351783975,0.7759920358657837,-0.28112515807151794,0.5646282434463501
50.35348207761554,14.987690867823872,27.88941902989122,0.7988681793212891,-0.5339983105659485,0.2768670916557312
44.348621103819,50.98067290209247,14.45545709248506,-0.5408119559288025,-0.827303946018219,-0.15195605158805847
45.85901998496783,54.31440644611957,7.8337268286172845,0.5186203122138977,0.8478789925575256,0.11015521734952927
33.597676031861425,47.97141994037385,43.674235191991144,0.19195124506950378,0.8320111632347107,0.5204921960830688
33.621336439423004,5.5451976304302635,30.20194760485201,0.166370689868927,-0.935356080532074,0.3121374249458313
3.3377518123976064,27.924862529589813,7.812975618988501,0.9867656230926514,0.11115700006484985,-0.11805832386016846
5.064694275752582,15.50845647051345,12.915113095846154,-0.8496346473693848,-0.5075874328613281,0.1430942714214325
17.058307697275314,4.79815190636162,16.01223086057881,-0.4444172978401184,-0.8783719539642334,0.1759430468082428
3.7990226475069777,26.121686110012565,9.970638041664577,0.9867655038833618,0.11115747690200806,-0.11805859208106995
36.76178842089583,57.64317660957225,12.557785377775243,0.22248944640159607,0.9643767476081848,0.14309433102607727
34.887397674044216,34.59207077133352,55.019093293953205,0.27005812525749207,0.2672547399997711,0.9250100255012512
21.589057018003693,11.14419831978734,33.923999754185324,0.40620988607406616,0.8338571786880493,-0.37373220920562744
1.5414280499768989,20.452932777538436,2.7755575615628914e-14,0.0,0.0,-1.0
54.84194518405285,46.026016832278415,0.6329756328598659,0.857514500617981,0.5122950673103333,0.04714483767747879
40.92503769757843,13.05318218667428,34.68209662872757,-0.48639053106307983,0.7897775769233704,-0.3737320005893707
28.38717579666648,39.64708878279057,53.31446854497311,-0.10328859090805054,0.58069908618927,0.8075394630432129
33.188004019543506,45.21224674860586,43.20254193885709,-0.20102158188819885,-0.8078871965408325,-0.553993284702301
14.068949157918125,9.359433223475142,13.322405736272867,0.5749820470809937,0.803930938243866,-0.15195630490779877
19.75567233110542,51.18826920385607,24.081850184337625,0.39962631464004517,-0.879863977432251,-0.2571735084056854
30.49434136833987,55.16839903470655,16.27535710639649,0.0073241363279521465,-0.9824823141098022,-0.1862119734287262
51.661177205382906,11.738083685212084,14.651027223399854,0.7717258334159851,-0.6111328601837158,0.1759427934885025
29.145147134963292,1.2962190945110459,13.504959757568502,0.014767277985811234,-0.9895989298820496,0.1430939882993698
33.02992327280097,0.3960036184664112,3.7045193922842197,0.09504778683185577,-0.9925064444541931,0.07679091393947601
30.000451607541514,38.93716601460532,53.84094208873452,-0.00784772727638483,0.5259644389152527,0.8504703640937805
20.593406098114247,19.309887309430568,45.68238587197854,0.5160629749298096,0.6069546341896057,-0.6043881773948669
46.955105094035105,40.74710150448155,40.53706840630211,0.7541401386260986,0.45053747296333313,0.47779566049575806
23.592339668287888,7.330298985042841,33.69836038714055,-0.28351056575775146,-0.8933766484260559,0.3485684394836426
55.836321841701206,41.077236863506556,14.800873374685072,0.915119469165802,0.36276790499687195,0.17594271898269653
11.62745268666833,52.58046261522396,8.888331189538901,-0.608875572681427,0.7855802774429321,0.1101551428437233
28.409220006732845,22.593914185555995,54.80591679881782,-0.10249079763889313,-0.4442450702190399,0.8900235891342163
15.914647745364174,8.13301959240947,26.289640892480733,-0.5013980269432068,-0.8197223544120789,0.2768669128417969
52.074678189190614,25.220770972761795,27.301165868517984,-0.9400525689125061,0.17207151651382446,-0.29443609714508057
34.56744078863972,53.41810643045954,22.42801851117814,-0.15546466410160065,-0.9627640247344971,-0.22117014229297638
41.49835120045373,5.382512953637872,21.143915019118825,0.39668986201286316,-0.8938417434692383,0.20900733768939972
26.097717042670265,3.4091702732574944,6.267304053557856,0.11751465499401093,0.9894928336143494,-0.08422720432281494
15.428174661840014,4.766728182003921,2.7755575615628914e-14,-0.0,0.0,-1.0
51.631424493637304,32.26962794893812,29.831118819216808,-0.9405360817909241,-0.0662165954709053,-0.3331775367259979
6.920428265611253,21.272953768937313,30.574286259881273,-0.8831748962402344,-0.35010313987731934,0.3121376633644104
50.61717459070978,22.54439128686787,29.52557955577627,-0.8981918096542358,0.32643356919288635,-0.29443612694740295
10.599793828049787,7.081769253169833,0.40499622117764655,-0.6511563062667847,-0.7574779391288757,0.047145407646894455
52.34135649037536,18.071753614861837,27.62276713606886,0.8392468094825745,-0.46798455715179443,0.2768668830394745
21.738303321195666,16.442710956607453,43.34213139088321,0.4259476959705353,0.7153043150901794,-0.5539930462837219
55.963995083552184,36.653011990963066,1.450383111165248,-0.9706345200538635,-0.23530839383602142,-0.04998568817973137
54.350538912911325,32.46061519804308,19.768465830683194,-0.9728271961212158,-0.0684896782040596,-0.22117048501968384
41.723757824226595,55.26469972072461,16.234002624199874,0.44441738724708557,0.8783719539642334,0.17594298720359802
56.06263104478376,34.41669067250889,23.101352642095286,0.9612099528312683,0.13129277527332306,0.2425646036863327
11.112283421930329,19.017315134287387,37.84055425810502,-0.7823969125747681,-0.4674187898635864,0.41155168414115906
2.609077991772507,37.483008646533435,15.042649105553918,-0.9495152235031128,0.2597399950027466,0.1759432703256607
38.53132411350046,52.3510990604556,22.06883456263663,-0.3138467073440552,-0.9233546257019043,-0.22117066383361816
11.744541563784955,48.83325322950176,10.390733708355679,0.6851375102996826,-0.7187828421592712,-0.1180584654211998
9.189163629215312,50.150008582020625,10.499947164479854,-0.7270064353942871,0.6777369976043701,0.11015529930591583
26.74359027062925,5.572331794918156,30.58125113807572,-0.13838806748390198,-0.939903736114502,0.31213733553886414
13.759528945250704,48.23684015524626,30.64422786696826,-0.6405305862426758,0.7016342282295227,0.3121377229690552
43.57683281628453,55.14914289353729,11.599938294736864,0.44681409001350403,0.883108913898468,0.14309383928775787
51.96202626790209,20.5176273002081,31.906385182806126,0.8526899814605713,-0.38912737369537354,0.34856802225112915
51.24117368870912,36.48514774818057,28.256990403075047,-0.9066702723503113,-0.30208656191825867,-0.2944362163543701
11.904067162989506,14.42117550632979,23.983390385600963,0.7399839758872986,0.621518611907959,-0.2571738362312317
57.15859979966494,39.29049562300889,10.890916373276639,0.946419358253479,0.28950732946395874,0.14309388399124146
23.925739113577247,58.99882202903676,1.1785223474732875,-0.17492438852787018,0.9834524989128113,0.04714532941579819
48.101601690993526,6.604833012019699,4.425601601800837,0.6107940077781677,-0.7880569696426392,0.07679124176502228
45.29665123907787,26.81335835480577,43.17319286058436,-0.8189153075218201,0.14989802241325378,-0.5539930462837219
16.04096474721778,48.7531164633692,33.51037995018647,-0.5741829872131348,0.7408198714256287,0.3485681712627411
32.93935820805132,11.844518798676095,38.77919776978233,-0.11789363622665405,0.880388081073761,-0.45936688780784607
40.53114779862152,13.611804983400258,42.13364472857309,0.48053812980651855,-0.7353872656822205,0.4777956008911133
12.477862332389323,9.537645339163914,5.991280059871908,0.6454572677612305,0.7591381669044495,-0.08422711491584778
13.593159761506483,45.83741364709672,27.043297170405225,0.6593770980834961,-0.6917580962181091,-0.29443609714508057
12.181757772236704,52.90878254877289,2.7755575615628914e-14,0.0,0.0,-1.0
21.667253182568324,56.84623611569682,15.45495654581621,-0.24981653690338135,0.9521742463111877,0.17594285309314728
18.327823272991377,54.437503524563795,20.779839285024927,-0.396689772605896,0.8938418030738831,0.20900742709636688
45.1210738519817,7.662708078792336,3.217814160043687,-0.5930578708648682,0.8036067485809326,-0.049985311925411224
44.33384746567237,10.81243922593756,32.131195060469324,0.57418292760849,-0.7408198714256287,0.34856823086738586
32.8321670715254,44.97371486967476,43.667214584854925,-0.13271470367908478,-0.8218748569488525,-0.553993284702301
47.25709453368194,45.91863445792291,23.68985800911294,-0.7133086919784546,-0.6519604921340942,-0.2571735978126526
51.47039083348767,13.961706004300375,4.582491364952445,-0.8224480748176575,0.5625699162483215,-0.08422724157571793
56.045440559617084,39.97127944654685,15.993513249883334,0.9151197671890259,0.3627667725086212,0.17594340443611145
21.565011689775535,6.538479618263156,19.494759681728404,0.35223835706710815,0.9094018936157227,-0.2211703062057495
52.35320557391885,28.76985854244371,35.67702276152478,0.9219508767127991,-0.023381896317005157,0.3866003453731537
35.673039412658106,30.200260573367245,55.46658764099415,0.37936410307884216,0.020961256697773933,0.9250100255012512
51.87177518821855,12.25457185129767,15.52130379592402,0.7717258334159851,-0.6111328601837158,0.1759427934885025
44.393195400991786,7.582625992648798,7.420382808798524,-0.5225257277488708,0.8484531044960022,-0.0842273011803627
36.064799991581474,34.1959292679215,54.68386406470882,0.37130430340766907,0.2645584046840668,0.8900235891342163
30.261622053754884,37.10146603424644,54.85123208215022,0.029901843518018723,0.4549329876899719,0.8900235295295715
25.072116448466108,32.804264939107476,52.766985033542525,0.36567002534866333,-0.22825558483600616,-0.9023218750953674
38.70169908962332,1.761050654784941,6.065286507617761,0.32980847358703613,-0.9409195184707642,0.07679104804992676
40.97845050644931,55.637389286615544,15.997997869892686,0.37229713797569275,0.9112842082977295,0.17594298720359802
52.333055192840575,15.502932173986014,6.4530416918244295,-0.8224481344223022,0.562569797039032,-0.0842272937297821
31.083474136877683,56.701141320779634,3.7870801263608733,-0.07597585022449493,-0.9935458898544312,-0.0842273011803627
3.0511127776013125,26.589409654629165,2.0524222991713508,0.9924727082252502,0.11180058121681213,-0.04998568817973137
46.350557768855964,7.18231786487526,16.46957087639987,0.6030468940734863,-0.7780607342720032,0.1759430319070816
48.13615578597207,11.118536242222547,24.898923066688162,0.6540815830230713,-0.7164772152900696,0.24256491661071777
52.916717261651115,30.430914250443667,34.37097541758273,0.9358559250831604,0.05170928314328194,0.34856829047203064
47.509372418904974,44.5901600510442,26.32159171521088,-0.7568915486335754,-0.5834572911262512,-0.2944363057613373
35.9439116242626,39.46032442498604,52.18679312791088,0.3376808166503906,0.5520653128623962,0.7623618245124817
13.916607693398042,6.750266896329504,16.442180345763337,-0.5795633792877197,-0.7957074642181396,0.17594309151172638
21.60009967879722,29.576399652167762,54.364901438956515,-0.455220103263855,-0.025152474641799927,0.8900235891342163
14.57044575624859,55.07965009666788,5.287896405369076,-0.5454014539718628,0.834649920463562,0.07679086178541183
10.91061734341559,23.90879947364567,35.38565474866446,0.8914843797683716,0.2560861110687256,-0.3737318813800812
53.849127156810376,24.326813296264415,19.866242620827272,-0.9412391185760498,0.25524991750717163,-0.2211705595254898
58.18624833654211,31.59742104372325,14.278916038641622,0.9882017374038696,0.05460180342197418,0.14309431612491608
8.750709302044816,32.207106376414195,31.845206375647717,0.9337502717971802,-0.13077954947948456,-0.333177387714386
44.212082876115474,20.99572732448362,41.3303001169398,-0.7503631114959717,0.42579513788223267,-0.505622148513794
41.93480938075827,53.436702911259346,7.966946623668813,-0.4718838334083557,-0.873720645904541,-0.11805877834558487
24.595317932991634,24.984585305683225,54.92937139970495,-0.3240579664707184,-0.32069388031959534,0.8900235295295715
6.933431820866131,18.80078339247959,15.831638814053893,0.8858579397201538,0.42494797706604004,-0.18621207773685455
35.55838626976391,3.803423723836885,23.02886024879007,0.24619723856449127,-0.9383758902549744,0.24256454408168793
4.924084016977745,37.49637891549419,11.771510882597967,0.9422630071640015,-0.29841211438179016,-0.15195609629154205
54.00397894098327,33.648147590253345,30.52805437757632,0.9412964582443237,0.12857338786125183,0.3121376037597656
17.42056421843039,4.896677614631823,2.7755575615628914e-14,-0.0,0.0,-1.0
51.13282862481097,39.68313938003281,33.3519498631169,0.8406998515129089,0.41439610719680786,0.3485679030418396
7.1359609744499135,48.13000755330214,8.710316348028615,-0.7791837453842163,0.6170400977134705,0.11015541851520538
10.626864863776564,21.705231447013084,39.42875138562499,-0.8363258838653564,-0.33153238892555237,0.4366295039653778
34.3529179081363,58.729836880296006,7.834906666594836,0.14478054642677307,0.9833129048347473,0.11015567928552628
1.882515914276531,21.734555999452887,9.232183734761394,-0.9504405856132507,-0.290738046169281,0.11015475541353226
54.26084156841025,18.101490630988543,21.073078085700775,0.8896536827087402,-0.4059954881668091,0.20900706946849823
54.43375882487432,39.7289819952212,8.048105788250965,-0.9125221967697144,-0.39161908626556396,-0.11805818974971771
29.71896328930543,4.247586114502978,14.937915560589541,0.03402598574757576,0.9878013730049133,-0.15195617079734802
22.738376134472535,55.07765891155425,10.497121002756536,0.2541143298149109,-0.9599416851997375,-0.11805878579616547
28.560814437749283,58.93143296734561,9.036173589994078,-0.014828675426542759,0.9938037395477295,0.1101553812623024
55.53003020525617,24.810512388154397,10.817200469255686,-0.9767777919769287,0.17879387736320496,-0.11805867403745651
11.236153350090296,10.136287525235316,0.0961932804554606,0.7083502411842346,0.7040890455245972,-0.04998539760708809
7.8664284878774815,29.185840966485017,37.04896984557641,-0.9208428859710693,-0.05088003724813461,0.3866001069545746
9.29566671663075,15.924933630600252,19.096445067129924,0.7966418266296387,0.5625348687171936,-0.22117021679878235
21.870674714246274,57.976460445189325,7.8806890695383895,-0.2522313892841339,0.9613766670227051,0.11015529930591583
52.53345519668816,36.92258948452223,32.48814535282896,0.8962867856025696,0.27417221665382385,0.348567932844162
56.74233062994761,30.894659192671796,21.82900438438442,0.9686576724052429,0.053522128611803055,0.24256493151187897
48.327524758157416,48.701708289501205,8.883041923268994,-0.6743444204330444,-0.7289182543754578,-0.11805831640958786
2.970106253672978,20.920436815641235,14.95174148898672,-0.9413430690765381,-0.287953644990921,0.17594291269779205
32.63467234487765,0.33765949336344336,3.439654540183718,0.09504778683185577,-0.9925064444541931,0.07679091393947601
8.858457147233278,8.75326002384137,1.5583669769064428,-0.7099962830543518,-0.7026255130767822,0.04714483395218849
10.780153969291426,46.11384953197421,17.724791321726237,0.7350280284881592,-0.6519652009010315,-0.18621274828910828
47.75537790548864,44.826922073092824,25.061201577187408,-0.7653613090515137,-0.5899863243103027,-0.2571735978126526
24.22200845365854,3.876397407582137,7.711309847849268,0.199210524559021,0.9728192687034607,-0.11805885285139084
22.705652198537514,53.86669521780289,17.715673688290785,0.2514277398586273,-0.9497941732406616,-0.1862126588821411
6.515520993748702,31.495977654007007,24.984124882169457,0.9648839235305786,-0.0534869022667408,-0.2571733891963959
45.082138986409234,5.567074570631945,2.7755575615628914e-14,0.0,0.0,-1.0
56.86802440684723,17.328843054099877,0.4143352759857475,0.9087343811988831,-0.41470375657081604,0.04714503139257431
11.898799734973998,48.81026866956822,11.425887873325943,0.6851375102996826,-0.7187828421592712,-0.1180584654211998
26.76995042229013,22.350286106479857,54.44155470767438,-0.1724255084991455,-0.4220515191555023,0.8900235891342163
18.94998113092656,56.98262516588813,2.7755575615628914e-14,0.0,0.0,-1.0
20.894846572875238,30.185803513476085,50.80823430806584,0.58388352394104,-0.03236674889922142,-0.811191976070404
34.19522647063475,3.1496156762688954,1.0507939771255108,-0.13255980610847473,0.989913821220398,-0.04998554289340973
54.41803738166219,43.22241129256645,16.727345133966068,0.8450773358345032,0.5048646330833435,0.17594321072101593
42.30833042942199,48.33181303037312,28.591190534493524,-0.5229118466377258,-0.7999191284179688,-0.29443612694740295
1.4593744841468739,36.3275603032173,9.324114610741393,-0.9766859412193298,0.18425630033016205,0.11015530675649643
3.5554007364800633,30.226652238442977,24.435857012614623,-0.9698233604431152,0.02459600381553173,0.24256488680839539
52.47677884176602,13.39307325025016,16.801642159776023,0.8183990120887756,-0.5470531582832336,0.1759427785873413
46.120649444210095,5.1645815822339545,4.307014584230679,0.5454016923904419,-0.8346497416496277,0.07679078727960587
47.58104627327708,45.97728141593248,31.967858661905673,0.7170993685722351,0.6035469174385071,0.34856799244880676
8.060298442297954,47.6138662305881,15.98879821724195,-0.7717251777648926,0.6111335754394531,0.1759430468082428
44.525396482105876,46.83465494645678,35.840783500195826,0.6011953949928284,0.6993597149848938,0.3866006135940552
23.99358854634994,5.182233411106143,27.821149653115086,-0.2160147726535797,-0.9363130927085876,0.2768670320510864
21.0594849898716,1.3946097975754985,1.044255160038896,-0.3021438717842102,-0.9520958065986633,0.04714471846818924
3.8804520132602995,43.13929741820145,8.763160290084855,-0.8680738806724548,0.48405948281288147,0.11015506088733673
23.00739664205336,21.611612243818637,49.38311827180574,0.4206506013870239,0.4947373867034912,-0.7604525089263916
37.69983004410932,3.4434503354767125,19.07983059646039,0.24817100167274475,-0.9459001421928406,0.20900745689868927
29.856186729733,56.149446670474255,9.68554504091969,0.007402658462524414,-0.9929791688919067,-0.11805763840675354
6.69278761966489,47.66450884252748,8.183036960858585,-0.7791840434074402,0.6170397996902466,0.11015518009662628
48.7076752113344,6.807725639540074,0.9647766799837454,0.6119215488433838,-0.7895120978355408,0.047145161777734756
58.421313390663556,33.643749708072676,11.278823797310595,0.9806037545204163,0.1339416205883026,0.14309389889240265
18.204748700564966,7.369016637715796,27.955481910847112,-0.4338119924068451,-0.8574100136756897,0.2768668234348297
10.896173279166907,23.118673142585596,34.7302070872825,0.8669291734695435,0.32978516817092896,-0.3737318813800812
44.33747642465839,55.22747264035658,7.969288877824393,0.5186204314231873,0.8478789329528809,0.11015529930591583
36.894592464113316,33.72530570689852,51.43953745148596,-0.4518597424030304,-0.24053287506103516,-0.859049916267395
54.71493722945518,25.69285360683877,28.204401283968163,0.944252073764801,-0.17813722789287567,0.2768666744232178
33.249061675362874,56.51177745576507,21.968741040833095,0.14131727814674377,0.9597871899604797,0.24256540834903717
20.70900210575146,56.23878607392726,16.931973109841522,-0.3256250321865082,0.9289846420288086,0.17594286799430847
37.108306262685176,56.25621558095589,2.7755575615628914e-14,0.0,0.0,-1.0
18.01437463115108,3.4096748003235606,10.693175244975329,-0.3743048906326294,-0.9161986112594604,0.14309431612491608
29.909440137906003,8.65767100011,31.981097709542784,0.03245875984430313,0.9423051476478577,-0.3331778347492218
38.73464339855176,4.305995425269607,1.2059327447731518,-0.29579079151153564,0.9539440274238586,-0.04998568445444107
18.89222876262556,4.6835362761495185,19.56623332483808,-0.36984381079673767,-0.9052798748016357,0.20900700986385345
8.073648060668102,49.43092915657779,7.561915278530831,-0.7270063161849976,0.6777371168136597,0.11015541851520538
57.453315408209434,21.90931680568569,12.037177824784811,0.9546360969543457,-0.2611399292945862,0.1430940181016922
19.75277107098639,57.81373617436751,2.7755575615628914e-14,0.0,0.0,-1.0
11.870449995189094,9.764128291696624,3.1008439338033185,0.646949052810669,0.7608931660652161,-0.04998553916811943
7.6708766781005115,28.601480269170594,29.00224715273628,0.9552857875823975,0.02713642083108425,-0.29443618655204773
42.1493129183175,5.858284126504356,2.504210992287841,-0.4507365822792053,0.8912563920021057,-0.04998570680618286
15.92940837568761,8.876668365560318,28.51258260746376,-0.4957253932952881,-0.8104482889175415,0.3121376037597656
46.001878705507806,7.007992860458111,2.7755575615628914e-14,0.0,0.0,-1.0
18.81835406282909,5.138287496451807,21.40519140319894,-0.36984381079673767,-0.9052798748016357,0.20900700986385345
17.96878872040799,2.5718614706712626,1.823798022394874,-0.37777572870254517,-0.9246960878372192,0.04714493080973625
53.70754978169621,43.9794023142501,17.96773707473817,0.8450773358345032,0.5048646330833435,0.17594321072101593
24.169492297490404,55.35466931591095,25.045241066738537,-0.24619556963443756,0.9383761286735535,0.24256546795368195
52.395418317348245,38.74721170878652,31.15215529760031,0.8831745386123657,0.35010403394699097,0.31213757395744324
8.534654991240703,34.72974479488318,30.01625379804242,0.9195321202278137,-0.2084539830684662,-0.33317798376083374
13.185593122717826,11.426976868754322,19.063689924526074,0.6364292502403259,0.7485204339027405,-0.18621231615543365
5.740746717363219,24.525301227459853,19.686311083739607,0.9565721154212952,0.18987739086151123,-0.22117049992084503
37.959487695458215,19.676735972891738,50.75530537707045,0.43544653058052063,-0.5618201494216919,0.7033807039260864
3.2321093281396815,36.77610639699274,2.7755575615628914e-14,0.0,0.0,-1.0
32.11415150039061,4.191342522771096,13.969056725966892,-0.04874984547495842,0.9871842861175537,-0.15195605158805847
35.71869281776897,37.63733814645172,50.15649038053087,-0.39956414699554443,-0.5119184851646423,-0.7604524493217468
0.6083975625311148,32.731270133899706,6.78632080752841,-0.9883452653884888,0.10506904125213623,0.1101548969745636
17.792418238980034,15.548762505099665,43.419229192014875,-0.5566194653511047,-0.6475048065185547,0.5204923152923584
9.833525782703148,30.009968001213633,41.094840677952476,-0.8781886100769043,0.022272322326898575,0.47779572010040283
12.209762907954673,52.69837768274087,11.100849026812101,-0.6062990427017212,0.7822567224502563,0.1430939882993698
11.060765048932337,52.408420703845586,6.98294152587151,-0.608875572681427,0.7855802774429321,0.1101551428437233
48.3434787407315,20.655675205122485,33.3171308598625,-0.8421812057495117,0.3886580765247345,-0.3737321197986603
17.81927809245467,34.13344631051546,47.22216864709299,0.7194477915763855,-0.2278464138507843,-0.656110405921936
5.44670279946402,35.868818350612564,17.41472315751454,0.9581965208053589,-0.21721971035003662,-0.186212420463562
21.74664937559764,12.50732736288441,42.71500514249147,-0.38548707962036133,-0.761897087097168,0.5204925537109375
50.51823717793154,12.657661501122847,3.8107205128957897,-0.7724891304969788,0.6294174194335938,-0.08422716706991196
44.791531465631785,53.23868605386547,2.7755575615628914e-14,0.0,0.0,-1.0
38.58238515829715,20.383903849471245,50.88470531253656,0.4792422652244568,-0.52495938539505,0.7033807635307312
12.089727340164323,35.10602936632059,43.704440203529714,-0.823607325553894,0.2252974510192871,0.5204921364784241
9.91701161615557,32.314918146669385,34.77518900657137,0.9185709953308105,-0.12865246832370758,-0.3737322986125946
22.908512440427735,3.8105345384032017,21.902315310945653,-0.21808898448944092,-0.9453038573265076,0.2425650954246521
54.23870698135491,40.83232895973643,5.198728049612381,-0.9156832695007324,-0.39297568798065186,-0.08422746509313583
45.4655861591404,19.419429597973416,43.24574560582769,0.709877073764801,-0.47451281547546387,0.5204921364784241
57.20070759774676,33.76395407463092,18.473877651853492,0.9689172506332397,0.13234519958496094,0.20900757610797882
15.241965764675903,49.5761615532373,30.295150233139008,-0.5819960236549377,0.7508999705314636,0.3121376037597656
23.7746930235294,1.5802763912899094,10.961528828049671,-0.2224894016981125,-0.9643767476081848,0.14309430122375488
49.66309741701217,50.301836332140155,2.7755575615628914e-14,0.0,0.0,-1.0
53.76024016634874,39.29738914332887,13.95632091057906,-0.9082769155502319,-0.38979780673980713,-0.1519564390182495
52.69556753448728,27.569926519402593,34.642640302514565,0.9170798659324646,-0.09749191999435425,0.3866003751754761
45.353490948193354,51.569201406894855,6.137172982161244,-0.545222282409668,-0.83404940366745,-0.08422735333442688
46.07334264063439,6.144320826074676,2.7755575615628914e-14,0.0,0.0,-1.0
26.435956802554543,4.304263810848511,13.78740153249344,0.11656314134597778,0.981489896774292,-0.15195608139038086
16.146017929992738,6.477516805151867,0.20091957117672798,0.5109956860542297,0.8581287264823914,-0.04998539388179779
19.02469443186753,54.62019700945747,0.762019944716231,0.4130195379257202,-0.9093493819236755,-0.04998554289340973
7.182306187174103,17.327098338106545,13.05304842074672,0.852260172367096,0.5005615949630737,-0.15195618569850922
57.78166281163458,24.932690172194622,2.7755575615628914e-14,-0.0,0.0,-1.0
22.351675668075814,8.555677492544666,35.678879877228425,-0.27896183729171753,-0.8790451288223267,0.3866004943847656
26.53808783520788,11.517532691948427,43.55121678676093,-0.12437931448221207,-0.844758927822113,0.5204921960830688
36.31779605185158,27.772182653528656,52.19344864662293,-0.48110389709472656,0.17484943568706512,-0.859049916267395
44.27310292762493,55.823984173899284,1.9812637893793215,0.4509584903717041,0.8912988901138306,0.047145940363407135
0.7826581956596982,27.246176340137396,8.760032481419627,-0.9924006462097168,-0.05483420193195343,0.11015506833791733
49.677383469178054,35.93217577938927,33.05953933032775,-0.879978358745575,-0.2931932806968689,-0.37373223900794983
54.811593073212826,33.61518638997184,16.625365637542103,-0.9708724617958069,-0.15077026188373566,-0.18621212244033813
14.623252317817244,18.354231792488747,42.81726448797041,-0.6954030394554138,-0.4954821467399597,0.5204920768737793
51.384936116385234,9.31108542191864,1.0335150602941239,0.7306445240974426,-0.6811284422874451,0.047145090997219086
14.363738520010651,8.330312586624846,8.2677036177222,0.5776691436767578,0.8076884150505066,-0.1180584728717804
54.07255699744779,22.68391898744217,16.616282977006698,-0.9482597708702087,0.2571541368961334,-0.1862126886844635
26.286822688237386,0.9457450036870352,9.240759013922409,-0.144779771566391,-0.9833130836486816,0.11015522480010986
27.944092744977716,49.21044062178911,36.170296984984375,0.08286190778017044,-0.9057350158691406,-0.41566577553749084
7.704611073168321,42.33025742171354,27.5357695711721,-0.8392468690872192,0.46798446774482727,0.2768667936325073
55.453720982558586,21.41614525061659,2.4229185677945217,-0.9386796355247498,0.3411480486392975,-0.04998551309108734
9.44758914613936,47.57650349450914,1.0525509833879596,0.7471774816513062,-0.6627421975135803,-0.04998546466231346
6.667793942343412,41.04828439843795,13.914776447668702,0.8793017268180847,-0.45137330889701843,-0.1519560068845749
58.98604790008217,26.500472110481944,2.7755575615628914e-14,0.0,0.0,-1.0
9.025805663954078,13.889602195705281,10.753703550190837,0.8111592531204224,0.5727851986885071,-0.11805855482816696
47.76341251515965,49.07391940422733,9.807116395850215,-0.674344003200531,-0.7289186120033264,-0.11805862933397293
47.55090707195351,35.110337526292575,43.729558517271954,0.8165184855461121,0.2497703731060028,0.520492434501648
31.72461237727609,3.0688118663357247,4.548488607428192,-0.049147725105285645,0.9952337741851807,-0.08422714471817017
35.28558789797775,0.9972389117533076,6.985318308224082,0.17405475676059723,-0.97855544090271,0.11015509068965912
46.997759111170694,18.922772818782725,40.4729788283813,0.7303326725959778,-0.48818591237068176,0.47779566049575806
10.678078830908287,29.06882861737475,36.83519812043181,0.9091506600379944,0.025826741009950638,-0.41566577553749084
44.38523295046647,12.784067965602771,28.266010675879592,-0.6298312544822693,0.7187628149986267,-0.29443609714508057
54.37061043999763,26.453988949644206,19.292670593450502,-0.9706257581710815,0.09470628947019577,-0.22117044031620026
26.200037801224582,16.793848199244596,50.23043605853037,-0.21500714123249054,-0.6775157451629639,0.7033806443214417
56.83903997252746,21.783899515545478,2.7755575615628914e-14,0.0,0.0,-1.0
21.657802212009255,7.180298452915913,31.74044118551497,-0.2835097312927246,-0.8933770656585693,0.348567932844162
3.3133202269182904,21.634713161152938,17.95703870420135,-0.9413430094718933,-0.28795409202575684,0.17594265937805176
54.61610203723022,42.88988193641674,16.562073716239805,0.882961630821228,0.4352271854877472,0.17594324052333832
21.07749583843823,56.38749257479404,16.82878487432977,-0.3256250321865082,0.9289846420288086,0.17594286799430847
21.167847186339145,6.7932257819036455,30.114420968973537,-0.3593006134033203,-0.8794732689857483,0.3121376037597656
59.211159233810186,27.871355598621143,6.083664641055504,0.9914605021476746,-0.10539974272251129,0.07679135352373123
38.22928691378664,15.233735764527474,46.24748559118626,0.39441823959350586,-0.7250030040740967,0.5646280646324158
24.85169541010845,49.52660918531187,40.50861968044584,-0.2229343056678772,0.8497126698493958,0.47779566049575806
57.956695086099536,33.85328639165102,14.266643178358748,0.980603814125061,0.13394136726856232,0.14309406280517578
53.3285485497773,24.04976390325081,31.370877219011287,0.9163696765899658,-0.2506723999977112,0.3121376931667328
57.60203303026753,40.47204787516493,1.4601645579429436,0.9285875558853149,0.36810657382011414,0.04714509844779968
9.165102035492815,22.1510601262064,36.87021155696626,-0.8573406338691711,-0.339863657951355,0.3866002857685089
2.8041478400550943,18.214338251552242,6.304145996171366,-0.9268764853477478,-0.36742764711380005,0.0767914280295372
27.863100333780867,50.93521784499706,38.7104807388009,-0.08576252311468124,0.8955444097518921,0.43662920594215393
29.51804005014677,56.71746913553154,3.7793550865246432,0.007446605246514082,-0.9987221956253052,-0.049985576421022415
5.668598543045329,30.88895255481916,21.795513835838033,0.97374027967453,-0.0539778396487236,-0.22117015719413757
18.56533909613403,57.103056582879894,5.114196540729901,-0.40445083379745483,0.9113301634788513,0.07679085433483124
20.14793548918201,8.093828134301745,23.441534516622067,0.42321524024009705,0.8687638640403748,-0.25717344880104065
33.636572406767215,58.34087900443161,11.853906894435951,0.14416691660881042,0.9791526794433594,0.14309406280517578
57.03357319266835,36.210085537568645,16.93675851354249,0.9614610075950623,0.21127396821975708,0.17594316601753235
22.920882158505915,16.602514587359167,48.69686599861118,-0.3406223952770233,-0.6732252240180969,0.65631103515625
16.308985202549174,34.1993335561387,45.404695966634684,0.7595118880271912,-0.24053476750850677,-0.6043878793716431
41.05752871723455,41.94884126925355,41.92606232922719,-0.5858913660049438,-0.6333069801330566,-0.5056219696998596
0.06457301927571787,30.333392973376395,0.7884445363158505,-0.9985669851303101,0.025325536727905273,0.04714500904083252
9.875782200359371,36.33641922505196,39.159391581068064,-0.8458453416824341,0.3064318299293518,0.43662941455841064
39.08595272859899,50.44395973024689,27.678313052599474,-0.3821866810321808,-0.8759227395057678,-0.2944362163543701
59.22851762132087,29.909181033870794,6.55901952542217,0.9967266917228699,-0.025278953835368156,0.07679135352373123
36.709191329502914,7.470818598123062,33.583038300969626,0.3100394010543823,-0.8845201730728149,0.34856805205345154
17.773878012723866,41.27411626014511,46.5554855777336,-0.5796027779579163,0.5403234362602234,0.6100091934204102
50.091848555148204,13.861314193302663,13.491271841158374,-0.7662410736083984,0.624326765537262,-0.15195614099502563
47.85648694827227,12.789982733792712,19.058446006100112,-0.7070814967155457,0.6821735501289368,-0.18621231615543365
0.7107011339208968,24.047083785589546,2.621620460930094,-0.9756112694740295,-0.214383065700531,0.047144461423158646
17.499099102558475,24.108968560748817,50.163469038545955,-0.6375666856765747,-0.3142676055431366,0.703380823135376
23.809460082145733,26.526206781346218,52.15408359918369,0.4413909316062927,0.25924360752105713,-0.859049916267395
52.02761818143563,39.471117109595646,21.727497704999667,-0.8961913585662842,-0.38460999727249146,-0.22117003798484802
40.023592331220335,9.156972251582552,34.509118002760395,0.44072601199150085,-0.810123860836029,0.38660043478012085
14.008564001316993,24.218798375493904,41.473806864267914,0.8063803315162659,0.30675244331359863,-0.5056220889091492
38.57492131671041,15.84035802185906,46.72076917273222,0.4334527254104614,-0.6633302569389343,0.6100095510482788
47.98534007340749,11.91067448783335,15.347891826793488,-0.7070815563201904,0.682173490524292,-0.18621236085891724
32.15142742053899,56.19335263979349,8.465870444087207,-0.07571278512477875,-0.9901160597801208,-0.11805849522352219
6.647378214356246,11.510446457952185,4.630317696972252,-0.7628231644630432,-0.6420310735702515,0.07679102569818497
48.54832891734799,32.05587125839548,43.14374519210847,0.8460108637809753,0.115557461977005,0.5204921364784241
5.70690982162465,47.23414419953288,1.6846501937959062,-0.8304432034492493,0.5551048517227173,0.04714466258883476
2.6748131843301874,38.22111662091749,14.291819434000626,-0.9546357989311218,0.26114073395729065,0.1430944800376892
57.51031157931867,26.677079118611843,17.385127449707397,0.9788844585418701,-0.10406336933374405,0.17594312131404877
14.25869237817597,11.922420495388364,32.62812864616336,-0.610997200012207,-0.7107620239257812,0.3485681712627411
41.310372694657225,7.070978428875177,27.305455251848844,0.45920079946517944,-0.8440847396850586,0.2768673300743103
45.78576274314387,50.19263909285522,13.014289934879654,-0.608143150806427,-0.7791478037834167,-0.15195605158805847
48.53542839723958,37.33547311069587,34.571860733788235,-0.852358341217041,-0.36580008268356323,-0.37373197078704834
16.502641122522743,55.900053763878006,7.656298623019498,-0.4749736785888672,0.8730782866477966,0.11015580594539642
12.742964588624366,13.143445091083146,23.060919203152615,0.6853818297386169,0.6812587976455688,-0.2571735084056854
7.104865939403701,27.952234366328835,35.07265080548653,-0.9208428263664246,-0.050879742950201035,0.3866002857685089
15.8866695951533,50.934049947282745,27.94803342036234,-0.5256323218345642,0.804397463798523,0.2768670618534088
25.605226432630534,56.76847488310119,20.293637209609543,-0.17125211656093597,0.962802529335022,0.2090071588754654
23.928840129968705,4.789744994695155,14.000444707268725,0.19828462600708008,0.9682936072349548,-0.15195617079734802
24.96674561999118,24.627499561505743,52.00373112609868,0.36305245757102966,0.36086857318878174,-0.859049916267395
25.024405351703173,14.583947107361805,47.38091916722117,-0.2396838217973709,-0.7552748322486877,0.610009491443634
58.739172342140314,23.9466206265517,5.106529997929536,0.9797644019126892,-0.1848374903202057,0.07679105550050735
32.91669733430496,7.192997772568218,34.9918181810223,0.08791784197092056,-0.9180472493171692,0.38660022616386414
31.559917776225905,54.08954235688421,21.19678006188124,-0.07435896247625351,-0.972396194934845,-0.22117038071155548
8.221463081458861,17.951619800183067,19.742264190848907,0.8409196138381958,0.49390068650245667,-0.22117020189762115
10.169765921826134,50.01091911812688,15.696143611475424,-0.6636987924575806,0.7270129919052124,0.17594324052333832
46.43984890834974,11.809524553904225,20.401890437574252,-0.6427249312400818,0.7334768772125244,-0.2211703211069107
29.598921934874877,4.51641405914382,16.40269261851871,0.03382439911365509,0.9819271564483643,-0.18621210753917694
26.929252910150456,13.465839752866128,41.76282673547306,0.1730802357196808,0.8452155590057373,-0.5056222081184387
5.922998956818853,37.615035970071865,28.511361872071376,-0.8932273387908936,0.32359689474105835,0.31213775277137756
25.414517811719737,54.01200944282242,30.182347801749444,-0.16637179255485535,0.9353559613227844,0.31213730573654175
40.29377778120384,41.38921540987348,43.42371917595035,-0.5653597116470337,-0.6111137270927429,-0.5539931654930115
23.90329816480923,55.78934956343736,7.058141525245022,0.25499528646469116,-0.963266909122467,-0.08422744274139404
1.236391529556394,34.24823695095157,10.762822511691104,-0.9725536108016968,0.18347671627998352,0.1430937498807907
27.79380771809847,11.330336326341605,38.04965492979721,0.10726282000541687,0.9031704068183899,-0.4156656265258789
37.29211793246314,8.679861768737899,28.26922709697628,-0.2830323874950409,0.9127978682518005,-0.2944362163543701
52.35702506958753,15.558667822192145,6.59125262002544,-0.8224481344223022,0.562569797039032,-0.0842272937297821
37.28506728661363,32.85997993083121,51.451835539964776,-0.4704022705554962,-0.2018786519765854,-0.859049916267395
34.99529214452311,50.97189617378439,37.51885777036127,0.2048822045326233,0.8880593776702881,0.4115505516529083
0.5056001732746337,26.552709385154927,5.088831608325558,-0.9878743290901184,-0.13493455946445465,0.07679183781147003
42.717551100030974,39.75969304085358,42.35462752135059,-0.6833025813102722,-0.5267297029495239,-0.5056217908859253
53.072214885583165,43.71946045035846,0.3670395324638127,-0.8392593860626221,-0.541428804397583,-0.04998569190502167
15.582668286760851,10.99894367171101,24.103110443757565,0.562170684337616,0.786018967628479,-0.25717365741729736
27.767764440065292,44.40170789259004,44.748930194256964,0.13871562480926514,-0.7845208644866943,-0.6043881177902222
44.78493967531196,11.168306299477138,23.015199605537298,-0.5738278031349182,0.7775495648384094,-0.25717365741729736
52.030180107626165,14.927292987122073,5.565709058452708,-0.8224481344223022,0.562569797039032,-0.0842272937297821
46.32968891018859,11.110876175119746,29.06108146251417,0.6405308246612549,-0.7016341090202332,0.31213757395744324
